"""5H-2-Pyrindin-6-ol, 6,7-dihydro-7-methyl-, (6R-cis)-"""
"""alpha-Amyrenyl acetate"""
"""Akuammidine"""
"""Losbanine"""
"""Reserpine"""
"""Lupeol"""
"""Substance B"""
"""Echitamidin"""
"""17-O-Acetylechitamine"""
"""beta-Sitosterol"""
"""Echitamine"""
"""Lupeol acetate"""
"""Decane"""
"""Methyl salicylate"""
"""Ethyl hexanoate"""
"""Eugenol"""
"""methyl (1R,9R,11S,14Z,15R,17S,19S)-14-ethylidene-18-oxa-2,12-diazahexacyclo[9.6.1.19,15.01,9.03,8.012,17]nonadeca-3,5,7-triene-19-carboxylate"""
"""gamma-Terpinene"""
"""4-(2-Hydroxypropan-2-yl)-1-methylcyclohexane-1,2-diol"""
"""Phenethyl acetate"""
"""1,2,4-Trimethylbenzene"""
"""2-Phenylethanol"""
"""Nonane"""
"""Palmitic acid"""
"""Ethyl octanoate"""
"""Benzyl acetate"""
"""Hexacosane"""
"""Ethyl palmitate"""
"""Methyl 4-methoxybenzoate"""
"""Ethylbenzene"""
"""Eucalyptol"""
"""methyl (10S,12R,13E,18S)-13-ethylidene-8,15-diazapentacyclo[10.5.1.01,9.02,7.010,15]octadeca-2,4,6,8-tetraene-18-carboxylate"""
"""4-Carvomenthenol"""
"""Ethyl salicylate"""
"""Ursolic acid"""
"""Tetrahydroalstonine"""
"""Camphor"""
"""Linalool"""
"""o-Xylene"""
"""Gamma-nonalactone"""
"""Mesitylene"""
"""Methyl octanoate"""
"""Citronellol"""
"""beta-Pinene"""
"""alpha-Terpineol"""
"""beta-Amyrin"""
"""2-Furanmethanol, 5-ethenyltetrahydro-alpha,alpha,5-trimethyl-, cis-"""
"""trans-Linalool oxide"""
"""2-Phenylethyl propionate"""
"""p-Xylene"""
"""Linalool oxide acetate (pyranoid)"""
"""Syringic acid"""
"""Picralinal"""
"""methyl (1R,9R,10S,13Z,14R)-13-ethylidene-17-methoxy-11-oxido-18-oxa-8-aza-11-azoniapentacyclo[7.6.3.110,14.01,9.02,7]nonadeca-2,4,6,11-tetraene-15-carboxylate"""
"""methyl (1R,10S,12R,13E,17S,18R,19R)-13-ethylidene-17-hydroxy-16-oxa-8,15-diazahexacyclo[10.6.1.01,9.02,7.010,15.014,18]nonadeca-2,4,6,8-tetraene-19-carboxylate"""
"""19,20-(E)-Vallesamine"""
"""Sinapic acid"""
"""Betulin"""
"""3,5-Dihydroxybenzoic acid"""
"""Vanillic acid"""
"""Lagunamine"""
"""Tubotaiwine"""
"""Scholaricine"""
"""19-Epischolaricine"""
"""Akuammine, 10-deoxy-"""
"""Picraline"""
"""Akuammicine"""
"""psi-Akuammigine"""
"""alpha-Amyrin"""
"""alpha1-Sitosterol"""
"""Akuammigine"""
"""Campesterol"""
"""Echitamine chloride"""
"""Stigmasterol"""
"""angustilobine B, (rac)-"""
"""methyl (12S,13R,14Z)-14-ethylidene-12-(hydroxymethyl)-1,10-diazatetracyclo[11.2.2.03,11.04,9]heptadeca-3(11),4,6,8-tetraene-12-carboxylate"""
"""3-Carene"""
"""Terpinolene"""
"""Citral"""
"""Betulinic acid"""
"""alpha-Pinene"""
"""Echitamine, hydrochloride"""
"""Geraniol"""
"""Limonene"""
"""Thiamine"""
"""Riboflavin"""
"""Serotonin"""
"""Ascorbic acid"""
"""Nicotinic acid"""
"""Isomultiflorenol"""
"""Hentriacontane"""
"""24-Methylenecycloartanol"""
"""Tannic acid"""
"""Colocynthin"""
"""Oleic acid"""
"""Linoleic acid"""
"""Punicic acid"""
"""Cucurbitadienol"""
"""Cyperol"""
"""Isocyperol"""
"""(-)-Cyperene"""
"""(1S,6S,8S)-1,5-dimethyl-8-propan-2-yltricyclo[4.4.0.02,7]dec-4-en-3-one"""
"""d-Borneol"""
"""Cyperotundone"""
"""alpha-Cyperone"""
"""Humulene"""
"""(+)-delta-Cadinene"""
"""(-)-alpha-Cadinol"""
"""(2E,4E)-3,7-dimethylocta-2,4,6-trienal"""
"""beta-Selinene"""
"""Caswell No. 264AB"""
"""Cedrelanol"""
"""alpha-Muurolol"""
"""T-Muurolol"""
"""Caryophyllan-2,6-beta-oxide"""
"""Cyprotene"""
"""Isorotundene"""
"""Luteolin"""
"""Aureusidin"""
"""Myrtenol"""
"""Pinene"""
"""2-(4-Methylphenyl)propan-2-ol"""
"""Myrcene"""
"""(+)-gamma-Gurjunene"""
"""beta-Thujene"""
"""p-Cymene"""
"""Spathulenol"""
"""Dibutyl phthalate"""
"""beta-Gurjunene"""
"""beta-Elemene"""
"""8-Isopropyl-2,5-dimethyl-1,2,3,4-tetrahydronaphthalene"""
"""(S,1Z,6Z)-8-Isopropyl-1-methyl-5-methylenecyclodeca-1,6-diene"""
"""alpha-Muurolene"""
"""(+)-alpha-Cadinene"""
"""Humulene epoxyde"""
"""Humulene epoxide II"""
"""Anethole"""
"""gamma-Muurolene"""
"""(+)-gamma-Cadinene"""
"""(-)-trans-Carveol"""
"""Carvone"""
"""Sabinene"""
"""(1r,3s,5r)-6,6-Dimethyl-2-methylidenebicyclo[3.1.1]heptan-3-ol"""
"""alpha-Curcumene"""
"""Caryophyllene oxide"""
"""alpha-Calacorene"""
"""alpha-Phellandrene"""
"""Aromadendrene"""
"""beta-Caryophyllene"""
"""Bornyl acetate"""
"""Camphene"""
"""1-Isopropyl-4,7-dimethyl-1,3,4,5,6,8a-hexahydro-4a(2H)-naphthalenol"""
"""6-Epi-beta-bisabolol"""
"""alpha-Copaene"""
"""Aristolone"""
"""Bulnesene"""
"""Bicyclo[7.2.0]undecan-5-ol, 10,10-dimethyl-2,6-bis(methylene)-"""
"""Isolongifolen-5-one"""
"""Viridiflorol"""
"""Pinocarvone"""
"""Rotundene"""
"""Eudesm-7(11)-en-4-ol"""
"""Valeranone"""
"""(-)-beta-Bourbonene"""
"""Verbenone"""
"""Guaiol"""
"""Longifolene"""
"""1-Octen-3-OL"""
"""(Z)-Hex-2-enyl acetate"""
"""Valerenal"""
"""Myrtenal"""
"""Hexanal"""
"""1-Hexanol"""
"""Hexanoic acid"""
"""Widdrol"""
"""beta-Cubebene"""
"""1-Octanol"""
"""alpha-Guaiene"""
"""Nootkatone"""
"""(-)-alpha-Himachalene"""
"""alpha-Cedrene epoxide"""
"""alpha-Campholenal"""
"""beta-Eudesmol"""
"""(1R)-2-methyl-5-propan-2-ylbicyclo[3.1.0]hex-2-ene"""
"""2-Hexenal"""
"""cis-3-Hexen-1-ol"""
"""beta-Farnesene"""
"""alpha-Gurjunene"""
"""2-Hexen-1-OL"""
"""(4E,7E)-1,5,9,9-Tetramethyl-12-oxabicyclo[9.1.0]dodeca-4,7-diene"""
"""Elemol"""
"""Valencene"""
"""(1S,2S,6S,7R,8R)-1,3-dimethyl-8-propan-2-yltricyclo[4.4.0.02,7]dec-3-ene"""
"""Isopinocamphone"""
"""alpha-Bergamotene"""
"""delta-Cadinol"""
"""tau-Cadinol"""
"""Phytol"""
"""gamma-Elemene"""
"""(-)-Globulol"""
"""Zizanene"""
"""(E)-beta-ocimene"""
"""Cedrol"""
"""Calamenene"""
"""cis-Nerolidol"""
"""(S)-cis-Verbenol"""
"""Ledol"""
"""3-Pinanone"""
"""trans-Verbenol"""
"""2-[(2R,8R,8aS)-8,8a-dimethyl-1,2,3,4,6,7,8,8a-octahydronaphthalen-2-yl]propan-2-ol"""
"""Allo-Aromadendrene"""
"""Isomustakone"""
"""Dillapiol"""
"""Sugetriol triacetate"""
"""Isokobusone"""
"""(4aS,6R,8aS)-4a-hydroxy-4,8a-dimethyl-6-prop-1-en-2-yl-5,6,7,8-tetrahydro-1H-naphthalen-2-one"""
"""beta-Rotunol"""
"""Patchoulenone"""
"""Cyperolone"""
"""Rotundone"""
"""Glycerol"""
"""Kobusone"""
"""(2S,3R,4R,5S,6S)-2-(hydroxymethyl)-6-(((2S,3R,4R,5S,6R)-3,4,5-trihydroxy-6-(((4aR,8aS)-4-isopropyl-1,7-dimethyl-1,2,3,4,4a,5,8,8a-octahydronaphthalen-1-yl)oxy)tetrahydro-2H-pyran-2-yl)methoxy)tetrahydro-2H-pyran-3,4,5-triol"""
"""1-Methyl-4-(prop-1-en-2-yl)benzene"""
"""epi-Cubebol"""
"""delta-Guaiene"""
"""(6R)-1a-methyl-4-methylidene-6-propan-2-yl-1b,2,3,5,5a,6a-hexahydro-1H-cyclopropa[a]inden-6-ol"""
"""1-Isopropyl-4-methylenebicyclo[3.1.0]hex-2-ene"""
"""Cyclosativene"""
"""p-Mentha-1,5-dien-8-ol"""
"""Limonene oxide, cis-(-)-"""
"""Cyclohexene, 4-methyl-1-(1-methylethyl)-"""
"""4-Isopropylbenzyl alcohol"""
"""alpha-Selinene"""
"""Oleanolic acid"""
"""(-)-cis-Carveol"""
"""Thujopsadiene"""
"""trans-Calamenene"""
"""(-)-Carvomenthone"""
"""Selina-3,11-dien-6alpha-ol"""
"""14-Hydroxy-9-epi-beta-Caryophyllene"""
"""(3aS,4R,7R)-1,4,9,9-Tetramethyl-5,6,7,8-tetrahydro-4H-3a,7-methanoazulene"""
"""(2R,4aS)-4a,8-Dimethyl-2-(prop-1-en-2-yl)-1,2,3,4,4a,5-hexahydronaphthalene"""
"""Myristic acid"""
"""Stearic acid"""
"""beta-Cyperone"""
"""Quercetin"""
"""1-Methyl-5-methylidene-9-propan-2-yltricyclo[4.4.0.02,8]dec-3-ene"""
"""Calamenone"""
"""1,2,3,4,5,6,7,8-Octahydro-1,4-dimethyl-7-(1-methylethylidene)azulene monoepoxide"""
"""Scoparone"""
"""4-Methoxybenzoic acid"""
"""Isopatchoulenone"""
"""beta-Patchoulene"""
"""Linolenic acid"""
"""Copaene"""
"""[(2S,3R,4S,5S,6R)-3,4,5-trihydroxy-6-(hydroxymethyl)oxan-2-yl] (4aS,6aR,6aS,6bR,8R,8aR,9S,10R,11R,12aR,14bS)-8,10,11-trihydroxy-9-(hydroxymethyl)-2,2,6a,6b,9,12a-hexamethyl-1,3,4,5,6,6a,7,8,8a,10,11,12,13,14b-tetradecahydropicene-4a-carboxylate"""
"""Terchebin"""
"""Arachidic acid"""
"""Arjunolic acid"""
"""Gallic acid"""
"""Triacontanoic acid"""
"""Ellagitannin"""
"""Chebulagic acid"""
"""(12R,15R,32S,33R)-4,5,6,14,20,21,22,25,26,27,38,39,40,43,44,55-hexadecahydroxy-2,10,13,16,31,34,46,53-octaoxaundecacyclo[46.7.1.03,8.012,33.015,32.018,23.024,29.036,41.042,51.045,50.049,54]hexapentaconta-1(55),3,5,7,18,20,22,24,26,28,36,38,40,42,44,48(56),49(54),50-octadecaene-9,17,30,35,47,52-hexone"""
"""Ellagic acid"""
"""Punicalagin"""
"""Shikimic acid"""
"""Anthraquinone"""
"""Docosanoic acid"""
"""Ethyl gallate"""
"""Chebulinic acid"""
"""Chebulic acid"""
"""Ferulic acid"""
"""Caffeic acid"""
"""Maslinic acid"""
"""4-Hydroxycinnamic acid"""
"""Arjungenin"""
"""terflavin A"""
"""Sennoside A"""
"""Daucosterol"""
"""Celastrol"""
"""Corosolic acid"""
"""Punicalin"""
"""Terflavin C"""
"""Terflavin D"""
"""Terflavin B"""
"""Ricinoleic acid"""
"""Palmitoleic acid"""
"""Pyrogallol"""
"""1,3,6-tri-O-galloyl-beta-D-glucose"""
"""Bellericoside"""
"""Flavylium"""
"""Phloroglucinol"""
"""Pentagalloylglucose"""
"""beta-Glucogallin"""
"""arjunglucoside I"""
"""Kutkin"""
"""Picroside II"""
"""Picroside III"""
"""Acetovanillone"""
"""Picroside I"""
"""Kutkosid"""
"""Genistein"""
"""Galangin"""
"""Hydroxywighteone"""
"""Pinocembrin"""
"""Naringetol"""
"""Glabranin"""
"""Retinol"""
"""Benzoic acid"""
"""Methoxsalen"""
"""Kaempferol"""
"""Bergapten"""
"""Isovitexin"""
"""Lutein"""
"""beta-Carotene"""
"""Isoquercitrin"""
"""Methacrylonitrile"""
"""Dehydroepiandrosterone"""
"""Pyrazine, 1,4-dioxide"""
"""4-Aminopyridine"""
"""4-(2-Aminopropyl)phenol"""
"""Glycyrrhizic acid"""
"""Licoflavone B"""
"""Glabroisoflavanone A"""
"""Paeonol"""
"""Hexadecane"""
"""3-Hydroxyglabrol"""
"""7-Methoxycoumarin"""
"""Glabrene"""
"""Glycyrin"""
"""Shinpterocarpin"""
"""Carvacrol"""
"""Hispaglabridin B"""
"""Isoglabrolide"""
"""Glabroisoflavanone B"""
"""Glabrocoumarin"""
"""Liqcoumarin"""
"""Glabrol"""
"""Liquiritigenin"""
"""Octadecane"""
"""4-Methylcoumarin"""
"""Glychionide A"""
"""(1R,3S,4R,7R,9S,12S,13R,17S,19R,20R,22S)-9-hydroxy-3,4,8,8,12,19,22-heptamethyl-14-oxo-23-oxahexacyclo[18.2.1.03,16.04,13.07,12.017,22]tricos-15-ene-19-carboxylic acid"""
"""21alpha-Hydroxyisoglabrolide"""
"""Pentadecanoic acid"""
"""2,3,5,6-Tetramethylpyrazine"""
"""Undecane"""
"""Benzyl Alcohol"""
"""1-Butanol"""
"""7-Acetoxy-2-methylisoflavone"""
"""Lauric acid"""
"""Decanoic acid"""
"""p-Cresol"""
"""7-Methoxy-2-methyl-3-phenyl-4H-chromen-4-one"""
"""m-Cresol"""
"""Piperitenone"""
"""Octanoic acid"""
"""8(26),14(27)-Onoceradiene-3beta,21alpha-diol"""
"""Coumarin"""
"""Tetradecanal"""
"""o-Cresol"""
"""[(7S,8S)-7-hydroxy-5,6,7,8-tetrahydro-3H-pyrrolizin-1-yl]methyl 2-hydroxy-2-[(1S)-1-hydroxyethyl]-3-methylbutanoate"""
"""(2S,4aS,6aR,6aS,6bR,8aR,9S,10S,12aS,14bR)-10-hydroxy-9-(hydroxymethyl)-2,4a,6a,6b,9,12a-hexamethyl-13-oxo-3,4,5,6,6a,7,8,8a,10,11,12,14b-dodecahydro-1H-picene-2-carboxylic acid"""
"""D-Glucuronic Acid"""
"""Pratol"""
"""Kumatakenin"""
"""Licoagrone"""
"""Licoricone"""
"""Safrole"""
"""Texasin"""
"""Licoisoflavone A"""
"""Prunetin"""
"""Liquiritigenin 7-beta-D-glucopyranoside"""
"""Apigenin"""
"""Glyzarin"""
"""Liquiritin"""
"""Hispaglabridin A"""
"""Glabrone"""
"""Docosyl caffeate"""
"""Glycyrrhisoflavone"""
"""Isoliquiritin"""
"""7-methoxy-3-[4-[(2S,3R,4S,5S,6R)-3,4,5-trihydroxy-6-(hydroxymethyl)oxan-2-yl]oxyphenyl]chromen-4-one"""
"""Glyzaglabrin"""
"""4-Hydroxychalcone"""
"""Umbelliferone"""
"""Neoisoliquiritin"""
"""Isoangustone A"""
"""2-Pentylfuran"""
"""Licoisoflavone B"""
"""Licoflavonol"""
"""7-Hydroxy-2-methyl-3-phenyl-4H-chromen-4-one"""
"""Glucoliquiritin apioside"""
"""Isoliquiritigenin"""
"""Thymol"""
"""Isoflavone"""
"""Methyleugenol"""
"""Glabrolide"""
"""Estragole"""
"""Eicosane"""
"""Methylenedioxybenzoyl ethyl PABA"""
"""Decanal"""
"""Indole"""
"""Furfuryl alcohol"""
"""Furfural"""
"""Undecanoic acid"""
"""Undecanal"""
"""1-Dodecanol"""
"""Heptanal"""
"""Heptanoic acid"""
"""Dodecanal"""
"""beta-Terpinene"""
"""Ethyl acetate"""
"""Licoriphenone"""
"""Licoagrodin"""
"""Glycyrrhisoflavanone"""
"""Formononetin"""
"""Shinflavanone"""
"""Semilicoisoflavone B"""
"""Heptadecane"""
"""Nonadecane"""
"""Docosane"""
"""Glabridin"""
"""Heneicosane"""
"""Pentadecane"""
"""30-Hydroxy-11-oxo-beta-amyrin"""
"""Tridecane"""
"""Tridecanoic acid"""
"""1-Heptanol"""
"""2'-Hydroxyacetophenone"""
"""1-Undecanol"""
"""Benzaldehyde"""
"""Dodecane"""
"""Tetradecane"""
"""7,4'-Dihydroxyflavan"""
"""11-Deoxoglycyrrhetinic acid"""
"""Pulegone"""
"""Deoxoglabrolide"""
"""Nonanoic acid"""
"""1-Methoxyficifolinol"""
"""Eicosanyl caffeate"""
"""Ambrettolide"""
"""Licuroside"""
"""Triterpenoids"""
"""Kanzonol R"""
"""Quercetin-3-glucoside"""
"""Astragalin"""
"""Enoxolone"""
"""Menthone"""
"""3,5-Dimethylstyrene"""
"""2'-Methoxyacetophenone"""
"""alpha,beta-Dihydro-3,5,4'-trihydroxy-5'-isopentenylstilbene"""
"""3,3',5'-Trihydroxy-4-methoxy-5-prenylbibenzyl"""
"""Kanzonol Y"""
"""Glyasperin D"""
"""3-(3,4-Dihydroxyphenyl)-5,7-dihydroxy-6,8-bis(3-methylbut-2-enyl)chroman-4-one"""
"""1-Methoxyphaseollidin"""
"""Licoricidin"""
"""Gancaonin R"""
"""8-Prenylnaringenin"""
"""Isoflavan"""
"""Glyinflanin B"""
"""Gancaonin I"""
"""(2S)-2-[4-[(2S,3R,4S,5S,6R)-3-[(2R,3S,4S)-3,4-dihydroxy-4-(hydroxymethyl)oxolan-2-yl]oxy-4,5-dihydroxy-6-(hydroxymethyl)oxan-2-yl]oxyphenyl]-7-hydroxy-2,3-dihydrochromen-4-one"""
"""Licoagrodione"""
"""3,3',4,5'-Tetrahydroxy-4',5-diprenylbibenzyl"""
"""(2S,3S,4S,5R,6R)-6-[[(3S,4S,4aR,6aR,6bS,8aR,9R,12aS,14aR,14bR)-9-hydroxy-4-(hydroxymethyl)-4,6a,6b,8a,11,11,14b-heptamethyl-1,2,3,4a,5,6,7,8,9,10,12,12a,14,14a-tetradecahydropicen-3-yl]oxy]-5-[(2S,3R,4S,5S)-4,5-dihydroxy-3-[(2S,3R,4R,5R,6S)-3,4,5-trihydroxy-6-methyloxan-2-yl]oxyoxan-2-yl]oxy-3,4-dihydroxyoxane-2-carboxylic acid"""
"""Flavanone"""
"""2-Acetylpyrrole"""
"""5-Methylfurfural"""
"""2-Acetyl-5-methylfuran"""
"""2-Acetylfuran"""
"""1-Methylpyrrole-2-carboxaldehyde"""
"""2,3-Butanediol"""
"""2,3,5-Trimethylpyrazine"""
"""Paratocarpin B"""
"""(+)-Vestitol"""
"""Acetoin"""
"""Diacetone alcohol"""
"""Medicarpin"""
"""Soyasaponin I"""
"""Apiin"""
"""Licochalcone a"""
"""Licoflavone A"""
"""Glycyrol"""
"""(2S,4S,5R,6R)-5-[(2S,3R,4S,5R,6R)-3-[(2S,3R,5R,6S)-3,5-dihydroxy-6-methyloxan-2-yl]oxy-4,5-dihydroxy-6-(hydroxymethyl)oxan-2-yl]oxy-3,4-dihydroxy-6-[[9-hydroxy-4-(hydroxymethyl)-4,6a,6b,8a,11,11,14b-heptamethyl-1,2,3,4a,5,6,7,8,9,10,12,12a,14,14a-tetradecahydropicen-2-yl]oxy]oxane-2-carboxylic acid"""
"""4'-O-Methylglabridin"""
"""N-Acetylpyrrole"""
"""Wighteone"""
"""Licocoumarone"""
"""Glycycoumarin"""
"""Lupiwighteone"""
"""Isolicoflavonol"""
"""Cyclohexane, 1-methoxy-4-(1-methylethyl)-"""
"""Uralsaponin B"""
"""2-Acetyl-1-furfurylpyrrole"""
"""Licoagroside B"""
"""2-Furylacetone"""
"""6-[(11-carboxy-4,4,6a,6b,8a,11,14b-heptamethyl-14-oxo-2,3,4a,5,6,7,8,9,10,12,12a,14a-dodecahydro-1H-picen-3-yl)oxy]-3,4-dihydroxy-5-(3,4,5-trihydroxyoxan-2-yl)oxyoxane-2-carboxylic acid"""
"""Apioglycyrrhizin"""
"""Glisoflavone"""
"""Echinatin"""
"""Ethyl linolenate"""
"""(R)-Lavandulol"""
"""Squalene"""
"""2',4'-Dihydroxyacetophenone"""
"""1-(5-Methyl-2-furanyl)-1,2-propanedione"""
"""Magnolol"""
"""Phaseollinisoflavan"""
"""Licopyranocoumarin"""
"""Ononin"""
"""2,6-Dimethylpyrazine"""
"""Maltol"""
"""Pterocarpan"""
"""Licochalcone C"""
"""Licochalcone B"""
"""Licoarylcoumarin"""
"""Methyl ethyl ketone"""
"""Hemileiocarpin"""
"""5-[2-[4-Hydroxy-3-(3-methylbut-2-enyl)phenyl]ethyl]-2-(3-methylbut-2-enyl)benzene-1,3-diol"""
"""Inositol"""
"""Hederasaponine C [French]"""
"""Furfuryl acetate"""
"""gamma-Octalactone"""
"""1-Pentadecanol"""
"""Isoglycyrol"""
"""Nonacosane"""
"""Glyyunnansapogenin B"""
"""gamma-Butyrolactone"""
"""gamma-Caprolactone"""
"""(2S,4aS,6aR,6aS,6bR,8aR,10S,12aS,14bR)-10,14b-dihydroxy-2,4a,6a,6b,9,9,12a-heptamethyl-13-oxo-1,3,4,5,6,6a,7,8,8a,10,11,12-dodecahydropicene-2-carboxylic acid"""
"""Glucoliquiritin"""
"""3'-Methoxyglabradin"""
"""Ethyl linoleate"""
"""Licoagroside A"""
"""Liquiritigenin-7,4'-diglucoside"""
"""Guaiacol"""
"""Salicylic acid"""
"""Thujone"""
"""alpha-Glycyrrhizin"""
"""cis-Caffeic acid"""
"""Propionic acid"""
"""Anabasine"""
"""gamma-Heptalactone"""
"""18alpha-Glycyrrhetinic acid"""
"""6-Prenylnaringenin"""
"""Furfuryl formate"""
"""Isobavachromene"""
"""Podophyllin"""
"""Hydroxyacetone"""
"""Fenchone"""
"""1-Methyl-3-nitro-1-nitrosoguanidine"""
"""D-Fructose"""
"""beta-Maltose"""
"""Rutin"""
"""Quercitrin"""
"""Abssinone II"""
"""Butyric anhydride"""
"""2,4-Difurfurylfuran"""
"""Furfuryl butyrate"""
"""Difurfuryl ether"""
"""Furfuryl propionate"""
"""Glabric acid"""
"""Glyinflanin H"""
"""Isoglycycoumarin"""
"""Ammonium glycyrrhizate"""
"""28-Hydroxyglycyrrhetic acid"""
"""Glyinflanin G"""
"""1,2-Heptanediol"""
"""Kanzonol B"""
"""Kanzonol T"""
"""Kanzonol U"""
"""Kanzonol V"""
"""Kanzonol W"""
"""Kanzonol X"""
"""Licoagrocarpin"""
"""Licoflavanone"""
"""Licoisoflavanone"""
"""Isomucronulatol"""
"""(S)-8-Prenylphaseollinisoflavan"""
"""2-Phenylbutanoate"""
"""2-Ethyl-6-methylpyrazine"""
"""Pyrazole"""
"""Xambioona"""
"""Rhein"""
"""1-Hexacosanol"""
"""3,4-Dihydro-2-(4-hydroxyphenyl)-2h-1-benzopyran-3,4,7,8-tetrol"""
"""Leucodelphidin"""
"""Barbaloin"""
"""Cianidanol"""
"""beta-D-Glucose"""
"""Leucopelargonidin tetramer"""
"""beta-Bisabolene"""
"""Proanthocyanidin"""
"""6,10,14-Trimethylpentadecan-2-one"""
"""Elemicin"""
"""Clitorin"""
"""2-Tridecanone"""
"""Heptacosane"""
"""Leucopelargonidin"""
"""Methyl linoleate"""
"""Methyl linolenate"""
"""1-Docosene"""
"""beta-Ionone"""
"""1-Octadecene"""
"""Methyl palmitate"""
"""Benzyl salicylate"""
"""2-Heptadecanone"""
"""Pentacosane"""
"""Tricosane"""
"""Isoelemicin"""
"""Farnesylacetone"""
"""1-Eicosene"""
"""Asperglaucide"""
"""Hexadecan-2-one"""
"""Gibberellic acid"""
"""Fucosterol"""
"""cis-beta-Farnesene"""
"""1-Hexadecene"""
"""1-Tetradecene"""
"""Nerol"""
"""Kaempferol-3-O-glucorhamnoside"""
"""Nerolidol"""
"""beta-Sitosterol-beta-D-glucoside"""
"""Cabreuva oxide B"""
"""Tetracosanoic acid"""
"""Chrysophanol"""
"""Aloe emodin"""
"""Hentriacontan-2-one"""
"""Galactomannan"""
"""Hentriacontan-16-ol"""
"""1,4-Dihydroxy-6,7-dimethoxy-3-methyl-9,10-dioxoanthracene-2-carboxylic acid"""
"""Ethyl butyrate"""
"""1-Triacontanol"""
"""Oxalic acid"""
"""Triacontane"""
"""Butyric acid"""
"""26-Methylheptacosanoic acid"""
"""Emodin"""
"""Procyanidin B2"""
"""Sucrose"""
"""D-Glucose"""
"""(-)-Epicatechin"""
"""Hentriacontanoic acid"""
"""Citric acid"""
"""Nonacosanoic acid"""
"""Heptacosanoic acid"""
"""3,4-Dihydroxybenzoic acid"""
"""(-)-Epiafzelechin"""
"""Physcion"""
"""Sennoside B"""
"""Malvalic acid"""
"""Sterculic acid"""
"""(9Z)-(12S,13R)-12,13-Epoxyoctadecenoic acid"""
"""Procyanidin"""
"""Phlobaphene"""
"""Aromadendrin"""
"""cis-4-Hydroxy-L-proline"""
"""Ximenynic acid"""
"""10-Hydroxy-16-hentriacontanone"""
"""1-Octacosanol"""
"""16-Hentriacontanone"""
"""alpha-Santalene"""
"""gamma-Curcumene"""
"""alpha-Bergamotenol"""
"""beta-Santalene"""
"""Levomenol"""
"""Acoradiene"""
"""(2E)-2-methyl-6-[(1S)-4-methylcyclohex-3-en-1-yl]hepta-2,6-dien-1-ol"""
"""trans-alpha-Bergamotene"""
"""Bisabolenol"""
"""Campherene-2,13-diol"""
"""alpha-Santaldiol"""
"""beta-Santaldiol"""
"""Bisabolenol D"""
"""(R,Z)-2-Methyl-6-(4-methylcyclohexa-1,4-dien-1-yl)hept-2-en-1-ol"""
"""(Z)-gamma-Curcumen-12-ol"""
"""Santene"""
"""Bornylene"""
"""(E)-5-((1R,3R,6S)-2,3-Dimethyltricyclo[2.2.1.02,6]heptan-3-yl)-2-methylpent-2-enoic acid"""
"""3-Methylbutanal"""
"""Himachalol"""
"""Exo-norbicycloekasantalal"""
"""(-)-beta-Curcumene"""
"""germacrene C"""
"""(E)-2-methyl-5-(2-methyl-3-methylidene-2-bicyclo[2.2.1]heptanyl)pent-2-en-1-ol"""
"""Bicyclogermacrene"""
"""(Z)-alpha-Bisabolene"""
"""(E)-alpha-bisabolene"""
"""alpha-Santalol"""
"""3,7-Dimethylocta-1,3,7-triene"""
"""alpha-Teresantalic acid"""
"""Sclareol"""
"""Teresantalol"""
"""trans-beta-Santalol"""
"""cis-Lanceol"""
"""2-Carene"""
"""Cuparene"""
"""Linalyl acetate"""
"""Santenone"""
"""trans-Isolongifolanone"""
"""beta-Santalic acid"""
"""beta-Longipinene"""
"""beta-Oplopenone"""
"""(S,Z)-2-Methyl-6-(p-tolyl)hept-2-en-1-ol"""
"""Farnesol"""
"""alpha-Terpinene"""
"""Epi-beta-Santalene"""
"""Zingiberene"""
"""beta-SANTALOL"""
"""(2R,6S,7S,10Z)-beta-Santala-3(15),10-dien-12-ol"""
"""epi-Globulol"""
"""(Z)-beta-Ocimene"""
"""Norecasantalic acid"""
"""alpha-trans-Bergamotenol"""
"""Bergamotene"""
"""3-(4-Methylcyclohex-3-en-1-yl)butanal"""
"""1-Furfurylpyrrole"""
"""(E)-5-((1R,3R,6S)-2,3-Dimethyltricyclo[2.2.1.02,6]heptan-3-yl)-2-methylpent-2-enal"""
"""(S)-4-(p-Tolyl)valeraldehyde"""
"""Sesquisabinene"""
"""2-Methoxy-4-vinylphenol"""
"""beta-Santalal"""
"""2-Methoxy-4-methylphenol"""
"""Dendrolasin"""
"""4-Vinylphenol"""
"""4-Ethyl-2-methoxyphenol"""
"""Nuciferol"""
"""Isodihydroagarofuran"""
"""(Z)-gamma-bisabolene"""
"""Fokienol"""
"""(Z)-Santalol"""
"""Cedr-8-ene"""
"""cis-alpha-Bergamotene"""
"""Acetyldihydroalbene"""
"""Cyclosantalal"""
"""(2E)-2-Methyl-6-(4-methylphenyl)-2-hepten-1-ol"""
"""Nimbiol"""
"""6-Deacetylnimbin"""
"""Kulinone"""
"""Methyl kulonate"""
"""Kulactone"""
"""Gedunin"""
"""Kulolactone"""
"""6beta-Hydroxystigmast-4-en-3-one"""
"""Methyl 2,5-dihydroxycinnamate"""
"""(4bS,8aR)-2,4b,8,8-tetramethyl-7,10-dioxo-5,6,8a,9-tetrahydrophenanthrene-3-carboxylic Acid"""
"""(4aS,10aR)-7-hydroxy-1,1,4a,6-tetramethyl-3,4,10,10a-tetrahydrophenanthrene-2,9-dione"""
"""(4aS,10aR)-6-hydroxy-1,1,4a,7-tetramethyl-3,4,10,10a-tetrahydrophenanthrene-2,9-dione"""
"""Nimbionol"""
"""Sugiol"""
"""Nimbionone"""
"""Epoxyazadiradione"""
"""Nimbin"""
"""Nimbosone"""
"""(4aS,10aR)-6,7-dimethoxy-1,1,4a-trimethyl-3,4,10,10a-tetrahydrophenanthrene-2,9-dione"""
"""Margolonone"""
"""(4bS,8aS)-3,4b,8,8-tetramethyl-10-oxo-6,7,8a,9-tetrahydro-5H-phenanthrene-2-carboxylic Acid"""
"""6-Hydroxycyclohexa-2,4-dien-1-one"""
"""Deacetylgedunin"""
"""Myricetin"""
"""Cholesterol"""
"""Melicitrin"""
"""Hyperoside"""
"""Nimbosterin"""
"""Azadirone"""
"""Nimbochalcin"""
"""Triterpenoid"""
"""Azadirolic acid"""
"""Azadiradionol"""
"""Azadirol"""
"""Salimuzzalin"""
"""Nimbocinol"""
"""1-Cinnamoylmelianolone"""
"""5-Hydroxymethylfurfural"""
"""Azadiradione"""
"""Azadirachtin"""
"""dimethyl (1S,4S,5R,6S,7S,8R,11S,12R,14S,15R)-12-acetyloxy-4,7-dihydroxy-6-[(1R,2S,6S,8R,9R,11S)-2-hydroxy-11-methyl-5,7,10-trioxatetracyclo[6.3.1.02,6.09,11]dodec-3-en-9-yl]-6-methyl-14-[(E)-2-methylbut-2-enoyl]oxy-3,9-dioxatetracyclo[6.6.1.01,5.011,15]pentadecane-4,11-dicarboxylate"""
"""6-Acetylnimbandiol"""
"""Azadirachtol"""
"""[(5R,6R,7S,9R,10R,13S,17R)-6-hydroxy-17-(2-hydroxy-5-oxo-2H-furan-3-yl)-4,4,8,10,13-pentamethyl-3-oxo-5,6,7,9,11,12,16,17-octahydrocyclopenta[a]phenanthren-7-yl] acetate"""
"""Nimolicinol"""
"""Nimolinone"""
"""Melianoninol"""
"""(5R,9R,10R,13S,14S,17S)-17-[(2R,3S,5R)-5-[(2S)-3,3-dimethyloxiran-2-yl]-2-hydroxyoxolan-3-yl]-4,4,10,13,14-pentamethyl-1,2,5,6,9,11,12,15,16,17-decahydrocyclopenta[a]phenanthren-3-one"""
"""(2R,3S,5R)-5-[(2S)-3,3-dimethyloxiran-2-yl]-3-[(3S,5R,9R,10R,13S,14S,17S)-3-hydroxy-4,4,10,13,14-pentamethyl-2,3,5,6,9,11,12,15,16,17-decahydro-1H-cyclopenta[a]phenanthren-17-yl]oxolan-2-ol"""
"""(1R,2R,5R,6S,10R,11S,12R,15R,16R,18S,19R)-6-(furan-3-yl)-11,16,18-trihydroxy-1,5,10,15-tetramethyl-13-oxapentacyclo[10.6.1.02,10.05,9.015,19]nonadec-8-en-4-one"""
"""Naheedin"""
"""17-Hydroxyazadiradione"""
"""Vilasinin"""
"""Salannin"""
"""3-Deacetylsalannin"""
"""2-Methyltricosane"""
"""Azadirachtanin"""
"""Isomargosinolide"""
"""Methyl 2-[6-(furan-3-yl)-7,9,11,15-tetramethyl-12,16-dioxo-3,17-dioxapentacyclo[9.6.1.02,9.04,8.015,18]octadeca-7,13-dien-10-yl]acetate"""
"""Nimbinene"""
"""Isoazadirolide"""
"""Nimbocinolide"""
"""5,7-Dihydroxy-4'-methoxy-8,3'-di-C-prenylflavanone"""
"""28-Deoxonimbolide"""
"""1-Nonacosanol"""
"""alpha-Patchoulene"""
"""(9R,10R,13S,14S,17R)-17-[(2R)-2-[(1R,2S)-1,3-dihydroxy-2-methylpropyl]-2,3-dihydrofuran-4-yl]-4,4,10,13,14-pentamethyl-1,2,5,6,9,11,12,15,16,17-decahydrocyclopenta[a]phenanthren-3-one"""
"""Germacrene B"""
"""Isomeldenin"""
"""[(4S,5R,6R,11R,12R,15S,16R,17Z)-17-(2,2-dihydroxyethylidene)-5-hydroxy-3,7,7,11,15-pentamethyl-8,18-dioxo-19-oxapentacyclo[14.3.1.02,15.03,12.06,11]icosa-1,9-dien-4-yl] acetate"""
"""Margosinolide"""
"""Meldenin"""
"""(1S)-1-[(2R,4S,5R)-5-hydroxy-4-[(3S,5R,9R,10R,13S,14S,17S)-3-hydroxy-4,4,10,13,14-pentamethyl-2,3,5,6,9,11,12,15,16,17-decahydro-1H-cyclopenta[a]phenanthren-17-yl]oxolan-2-yl]-2-methylpropane-1,2-diol"""
"""2H-Cyclopenta(b)naphtho(2,3-d)furan-10-carboxylic acid,2-(3-furanyl)-3,3a,4a,5,5a,6,9,9a,10,10a-decahydro-5,6-dihydroxy-1,6,9a,10a-tetramethyl-9-oxo-, methyl ester, (2R,3aS,4aS,5R,5aS,6R,9aR,10S,10aR)-"""
"""2',3'-Dehydrosalannol"""
"""Hexadecanal"""
"""Isorhamnetin"""
"""Nimocinol"""
"""Scopoletin"""
"""Nicotiflorin"""
"""Sterol"""
"""delta-Elemene"""
"""L-(+)-Arabinose"""
"""D-Galactose"""
"""D-Glucosamine"""
"""Nimbidiol"""
"""Azadirinin"""
"""Vanillin"""
"""Margocinin"""
"""Margocilin"""
"""Cycloeucalenol"""
"""Nimbolicin"""
"""Nimolinin"""
"""Cycloeucalenone"""
"""beta-Sitostenone"""
"""Margocin"""
"""Campestan-3-one"""
"""Azedarachin C"""
"""Azedarachin A"""
"""Azedarachin B"""
"""Nimbilin"""
"""Cinnamic acid"""
"""Limbocidin"""
"""Nimbanal"""
"""2,4-Dimethylthiophene"""
"""17-Epiazadiradione"""
"""dimethyl (2aR,3S,4S,4aR,5S,7aS,8R,10R,10aS,10bR)-10-acetoxy-3,5-dihydroxy-4-[(1aR,2S,3aS,6aS,7S,7aS)-6a-hydroxy-7a-methyl-3a,6a,7,7a-tetrahydro-2,7-methanofuro[2,3-b]oxireno[e]oxepin-1a(2H)-yl]-4-methyl-8-{[(2E)-2-methylbut-2-enoyl]oxy}octahydro-1H-naphtho[1,8a-c:4,5-b'c']difuran-5,10a(8H)-dicarboxylate"""
"""1,3-Diacetylvilasinin"""
"""Ohchinolide B"""
"""11beta-Azadirachtin H"""
"""Tiglic acid"""
"""[(4R,5R,6S,7S,8R,11R,12R,14S,15S)-12-acetyloxy-4,7-dihydroxy-6-[(1R,2S,6S,9R,11S)-2-hydroxy-11-methyl-5,7,10-trioxatetracyclo[6.3.1.02,6.09,11]dodec-3-en-9-yl]-6,11-dimethyl-3,9-dioxatetracyclo[6.6.1.01,5.011,15]pentadecan-14-yl] (E)-2-methylbut-2-enoate"""
"""3,4-Dimethylthiophene"""
"""Vitamin E"""
"""Salannol"""
"""Dipropyl disulfide"""
"""7-Deacetoxy-7-hydroxygedunin"""
"""6-Deacetylnimbinene"""
"""Nimbinol"""
"""2-Methyl-2-pentenal"""
"""Compositolide"""
"""Salannic acid"""
"""Vepinin"""
"""cis-3,5-Diethyl-1,2,4-trithiolane"""
"""Salannolactam 21"""
"""Azadirachtin D"""
"""Azadirachtin F"""
"""13,14-Desepoxyazadirachtin A"""
"""11-Hydroxyazadirachtin B"""
"""7-(Acetyloxy)-21-hydroxy-6-methoxy-4,4,8-trimethyl-3-oxocarda-1,14,20(22)-trienolide"""
"""D-Xylose"""
"""Isonimolicinolide"""
"""Isoscopoletin"""
"""Esculetin"""
"""Melianin A"""
"""Nimbolin B"""
"""melianin B"""
"""[(1R,2R,5R,6R,10R,11S,15R,16R,18S)-16,18-diacetyloxy-6-(furan-3-yl)-1,5,10,15-tetramethyl-13-oxapentacyclo[10.6.1.02,10.05,9.015,19]nonadec-8-en-11-yl] (E)-3-phenylprop-2-enoate"""
"""24-Methylenelophenol"""
"""Desacetylnimbinolide"""
"""Campest-4-en-3-one"""
"""1,2-Dioleoyl-3-palmitoylglycerol"""
"""N-[[5,8-dimethoxy-6-nitro-2-(trifluoromethyl)quinolin-4-yl]methylidene]hydroxylamine"""
"""Galactoarabinan"""
"""Vepaol"""
"""23-Epivepaol"""
"""Catechol"""
"""7-Deacetoxy-7-oxogedunin"""
"""Isofraxidin"""
"""7-Deacetyl-7-benzoylgedunin"""
"""Deacetylazadirachtinol"""
"""Dipropyl trisulfide"""
"""Norvaline"""
"""Obtusifoliol"""
"""1-Pentanethiol"""
"""Nicotinamide"""
"""Limbonin"""
"""Mahmoodin"""
"""Fraxinellone"""
"""4alpha-Methylfecosterol"""
"""2-Nonanone"""
"""17-epi-17-Hydroxyazadiradione"""
"""Trichilin H"""
"""24-Methylenecycloartanone"""
"""2-Undecanone"""
"""(+)-Gallocatechin"""
"""Chlorogenic acid"""
"""Trichilin D"""
"""Glycoprotein"""
"""L-Arabinose"""
"""L-Rhamnose"""
"""3-Tigloylazadirachtin"""
"""3-Desacetylazadirachtin"""
"""Dipropyl tetrasulfide"""
"""Glycopeptide"""
"""Limocinin"""
"""Limocinol"""
"""Melatonin"""
"""6-Methoxymellein"""
"""Methyl butyl disulfide"""
"""Methyl propyl tetrasulphide"""
"""Isonimbinolide"""
"""trans-3,5-Diethyl-1,2,4-trithiolane"""