https://pubchem.ncbi.nlm.nih.gov/compound/56842090,IMPHY004104
https://pubchem.ncbi.nlm.nih.gov/compound/92842,IMPHY004141
https://pubchem.ncbi.nlm.nih.gov/compound/15558574,IMPHY004181
https://pubchem.ncbi.nlm.nih.gov/compound/101589339,IMPHY008426
https://pubchem.ncbi.nlm.nih.gov/compound/5770,IMPHY012049
https://pubchem.ncbi.nlm.nih.gov/compound/259846,IMPHY012473
https://pubchem.ncbi.nlm.nih.gov/compound/433154,IMPHY012511
https://pubchem.ncbi.nlm.nih.gov/compound/190982,IMPHY013923
https://pubchem.ncbi.nlm.nih.gov/compound/101589338,IMPHY014562
https://pubchem.ncbi.nlm.nih.gov/compound/222284,IMPHY014836
https://pubchem.ncbi.nlm.nih.gov/compound/11953926,IMPHY014902
https://pubchem.ncbi.nlm.nih.gov/compound/92157,IMPHY014991
https://pubchem.ncbi.nlm.nih.gov/compound/15600,IMPHY001516
https://pubchem.ncbi.nlm.nih.gov/compound/4133,IMPHY003050
https://pubchem.ncbi.nlm.nih.gov/compound/31265,IMPHY003512
https://pubchem.ncbi.nlm.nih.gov/compound/3314,IMPHY003536
https://pubchem.ncbi.nlm.nih.gov/compound/101297632,IMPHY003858
https://pubchem.ncbi.nlm.nih.gov/compound/7461,IMPHY003982
https://pubchem.ncbi.nlm.nih.gov/compound/186702,IMPHY005279
https://pubchem.ncbi.nlm.nih.gov/compound/7654,IMPHY006003
https://pubchem.ncbi.nlm.nih.gov/compound/7247,IMPHY006039
https://pubchem.ncbi.nlm.nih.gov/compound/6054,IMPHY006279
https://pubchem.ncbi.nlm.nih.gov/compound/8141,IMPHY007202
https://pubchem.ncbi.nlm.nih.gov/compound/985,IMPHY007327
https://pubchem.ncbi.nlm.nih.gov/compound/7799,IMPHY008066
https://pubchem.ncbi.nlm.nih.gov/compound/8785,IMPHY008991
https://pubchem.ncbi.nlm.nih.gov/compound/12407,IMPHY009359
https://pubchem.ncbi.nlm.nih.gov/compound/12366,IMPHY009624
https://pubchem.ncbi.nlm.nih.gov/compound/8499,IMPHY009862
https://pubchem.ncbi.nlm.nih.gov/compound/7500,IMPHY009980
https://pubchem.ncbi.nlm.nih.gov/compound/2758,IMPHY010072
https://pubchem.ncbi.nlm.nih.gov/compound/6444325,IMPHY010543
https://pubchem.ncbi.nlm.nih.gov/compound/11230,IMPHY011396
https://pubchem.ncbi.nlm.nih.gov/compound/8365,IMPHY011556
https://pubchem.ncbi.nlm.nih.gov/compound/64945,IMPHY011880
https://pubchem.ncbi.nlm.nih.gov/compound/72340,IMPHY011951
https://pubchem.ncbi.nlm.nih.gov/compound/2537,IMPHY012036
https://pubchem.ncbi.nlm.nih.gov/compound/6549,IMPHY012058
https://pubchem.ncbi.nlm.nih.gov/compound/7237,IMPHY012070
https://pubchem.ncbi.nlm.nih.gov/compound/7710,IMPHY012082
https://pubchem.ncbi.nlm.nih.gov/compound/7947,IMPHY012088
https://pubchem.ncbi.nlm.nih.gov/compound/8091,IMPHY012097
https://pubchem.ncbi.nlm.nih.gov/compound/8842,IMPHY012104
https://pubchem.ncbi.nlm.nih.gov/compound/14896,IMPHY012147
https://pubchem.ncbi.nlm.nih.gov/compound/17100,IMPHY012160
https://pubchem.ncbi.nlm.nih.gov/compound/73145,IMPHY012223
https://pubchem.ncbi.nlm.nih.gov/compound/11116492,IMPHY012920
https://pubchem.ncbi.nlm.nih.gov/compound/6432254,IMPHY014989
https://pubchem.ncbi.nlm.nih.gov/compound/31225,IMPHY015297
https://pubchem.ncbi.nlm.nih.gov/compound/7809,IMPHY015918
https://pubchem.ncbi.nlm.nih.gov/compound/6427501,IMPHY016041
https://pubchem.ncbi.nlm.nih.gov/compound/10742,IMPHY000687
https://pubchem.ncbi.nlm.nih.gov/compound/46229103,IMPHY001009
https://pubchem.ncbi.nlm.nih.gov/compound/101636546,IMPHY002199
https://pubchem.ncbi.nlm.nih.gov/compound/101324838,IMPHY002706
https://pubchem.ncbi.nlm.nih.gov/compound/13783712,IMPHY003630
https://pubchem.ncbi.nlm.nih.gov/compound/637775,IMPHY004130
https://pubchem.ncbi.nlm.nih.gov/compound/72326,IMPHY004271
https://pubchem.ncbi.nlm.nih.gov/compound/7424,IMPHY005991
https://pubchem.ncbi.nlm.nih.gov/compound/8468,IMPHY007084
https://pubchem.ncbi.nlm.nih.gov/compound/14706138,IMPHY007522
https://pubchem.ncbi.nlm.nih.gov/compound/13783720,IMPHY010930
https://pubchem.ncbi.nlm.nih.gov/compound/50900051,IMPHY010950
https://pubchem.ncbi.nlm.nih.gov/compound/101587171,IMPHY011283
https://pubchem.ncbi.nlm.nih.gov/compound/90479136,IMPHY011448
https://pubchem.ncbi.nlm.nih.gov/compound/131636670,IMPHY013667
https://pubchem.ncbi.nlm.nih.gov/compound/441976,IMPHY000969
https://pubchem.ncbi.nlm.nih.gov/compound/119079925,IMPHY010269
https://pubchem.ncbi.nlm.nih.gov/compound/73170,IMPHY011619
https://pubchem.ncbi.nlm.nih.gov/compound/9548595,IMPHY011654
https://pubchem.ncbi.nlm.nih.gov/compound/1268096,IMPHY011953
https://pubchem.ncbi.nlm.nih.gov/compound/173183,IMPHY012402
https://pubchem.ncbi.nlm.nih.gov/compound/10045636,IMPHY012986
https://pubchem.ncbi.nlm.nih.gov/compound/5280794,IMPHY014842
https://pubchem.ncbi.nlm.nih.gov/compound/13891905,IMPHY002687
https://pubchem.ncbi.nlm.nih.gov/compound/129317087,IMPHY003629
https://pubchem.ncbi.nlm.nih.gov/compound/26049,IMPHY011392
https://pubchem.ncbi.nlm.nih.gov/compound/11463,IMPHY011599
https://pubchem.ncbi.nlm.nih.gov/compound/638011,IMPHY011789
https://pubchem.ncbi.nlm.nih.gov/compound/64971,IMPHY012003
https://pubchem.ncbi.nlm.nih.gov/compound/6654,IMPHY012061
https://pubchem.ncbi.nlm.nih.gov/compound/3000633,IMPHY014021
https://pubchem.ncbi.nlm.nih.gov/compound/637566,IMPHY014923
https://pubchem.ncbi.nlm.nih.gov/compound/22311,IMPHY014988
https://pubchem.ncbi.nlm.nih.gov/compound/1130,IMPHY000005
https://pubchem.ncbi.nlm.nih.gov/compound/493570,IMPHY000846
https://pubchem.ncbi.nlm.nih.gov/compound/5202,IMPHY004653
https://pubchem.ncbi.nlm.nih.gov/compound/54670067,IMPHY006362
https://pubchem.ncbi.nlm.nih.gov/compound/938,IMPHY007357
https://pubchem.ncbi.nlm.nih.gov/compound/11876210,IMPHY001953
https://pubchem.ncbi.nlm.nih.gov/compound/12410,IMPHY008910
https://pubchem.ncbi.nlm.nih.gov/compound/94204,IMPHY011393
https://pubchem.ncbi.nlm.nih.gov/compound/16129778,IMPHY011741
https://pubchem.ncbi.nlm.nih.gov/compound/54584209,IMPHY013490
https://pubchem.ncbi.nlm.nih.gov/compound/445639,IMPHY011797
https://pubchem.ncbi.nlm.nih.gov/compound/5280450,IMPHY014990
https://pubchem.ncbi.nlm.nih.gov/compound/5281126,IMPHY015031
https://pubchem.ncbi.nlm.nih.gov/compound/14543446,IMPHY002563
https://pubchem.ncbi.nlm.nih.gov/compound/14076601,IMPHY001661
https://pubchem.ncbi.nlm.nih.gov/compound/14076604,IMPHY002629
https://pubchem.ncbi.nlm.nih.gov/compound/12308843,IMPHY004120
https://pubchem.ncbi.nlm.nih.gov/compound/102316377,IMPHY006821
https://pubchem.ncbi.nlm.nih.gov/compound/61060,IMPHY011590
https://pubchem.ncbi.nlm.nih.gov/compound/12308615,IMPHY011598
https://pubchem.ncbi.nlm.nih.gov/compound/6452086,IMPHY011712
https://pubchem.ncbi.nlm.nih.gov/compound/5281520,IMPHY011761
https://pubchem.ncbi.nlm.nih.gov/compound/441005,IMPHY011957
https://pubchem.ncbi.nlm.nih.gov/compound/6431302,IMPHY012586
https://pubchem.ncbi.nlm.nih.gov/compound/11126441,IMPHY014207
https://pubchem.ncbi.nlm.nih.gov/compound/442393,IMPHY014708
https://pubchem.ncbi.nlm.nih.gov/compound/442359,IMPHY014806
https://pubchem.ncbi.nlm.nih.gov/compound/160799,IMPHY014906
https://pubchem.ncbi.nlm.nih.gov/compound/91753440,IMPHY015016
https://pubchem.ncbi.nlm.nih.gov/compound/3084331,IMPHY015128
https://pubchem.ncbi.nlm.nih.gov/compound/6428086,IMPHY016557
https://pubchem.ncbi.nlm.nih.gov/compound/91715050,IMPHY016606
https://pubchem.ncbi.nlm.nih.gov/compound/91753591,IMPHY016712
https://pubchem.ncbi.nlm.nih.gov/compound/5280445,IMPHY004660
https://pubchem.ncbi.nlm.nih.gov/compound/5281220,IMPHY004681
https://pubchem.ncbi.nlm.nih.gov/compound/10582,IMPHY000099
/imppat/phytochemical-searchsupclass/Lipids and lipid-like molecules,IMPHY000472
https://pubchem.ncbi.nlm.nih.gov/compound/14529,IMPHY002825
https://pubchem.ncbi.nlm.nih.gov/compound/31253,IMPHY003485
https://pubchem.ncbi.nlm.nih.gov/compound/15560285,IMPHY003956
https://pubchem.ncbi.nlm.nih.gov/compound/520384,IMPHY004680
https://pubchem.ncbi.nlm.nih.gov/compound/7463,IMPHY006145
https://pubchem.ncbi.nlm.nih.gov/compound/92231,IMPHY007840
https://pubchem.ncbi.nlm.nih.gov/compound/3026,IMPHY007903
https://pubchem.ncbi.nlm.nih.gov/compound/6450812,IMPHY009743
https://pubchem.ncbi.nlm.nih.gov/compound/6918391,IMPHY010080
https://pubchem.ncbi.nlm.nih.gov/compound/518975,IMPHY010182
https://pubchem.ncbi.nlm.nih.gov/compound/91723653,IMPHY011586
https://pubchem.ncbi.nlm.nih.gov/compound/12306047,IMPHY011659
https://pubchem.ncbi.nlm.nih.gov/compound/12306048,IMPHY011660
https://pubchem.ncbi.nlm.nih.gov/compound/5463721,IMPHY011734
https://pubchem.ncbi.nlm.nih.gov/compound/10704181,IMPHY011749
https://pubchem.ncbi.nlm.nih.gov/compound/637563,IMPHY011763
https://pubchem.ncbi.nlm.nih.gov/compound/12313020,IMPHY011792
https://pubchem.ncbi.nlm.nih.gov/compound/6432404,IMPHY011793
https://pubchem.ncbi.nlm.nih.gov/compound/94221,IMPHY011988
https://pubchem.ncbi.nlm.nih.gov/compound/7439,IMPHY012075
https://pubchem.ncbi.nlm.nih.gov/compound/18818,IMPHY012165
https://pubchem.ncbi.nlm.nih.gov/compound/88302,IMPHY012265
https://pubchem.ncbi.nlm.nih.gov/compound/92139,IMPHY012279
https://pubchem.ncbi.nlm.nih.gov/compound/1742210,IMPHY012667
https://pubchem.ncbi.nlm.nih.gov/compound/12302243,IMPHY013080
https://pubchem.ncbi.nlm.nih.gov/compound/7460,IMPHY014811
https://pubchem.ncbi.nlm.nih.gov/compound/91354,IMPHY014817
https://pubchem.ncbi.nlm.nih.gov/compound/5281515,IMPHY014831
https://pubchem.ncbi.nlm.nih.gov/compound/6448,IMPHY014847
https://pubchem.ncbi.nlm.nih.gov/compound/6616,IMPHY014852
https://pubchem.ncbi.nlm.nih.gov/compound/519857,IMPHY014885
https://pubchem.ncbi.nlm.nih.gov/compound/12300148,IMPHY014907
https://pubchem.ncbi.nlm.nih.gov/compound/70678558,IMPHY015123
https://pubchem.ncbi.nlm.nih.gov/compound/165536,IMPHY015490
https://pubchem.ncbi.nlm.nih.gov/compound/16679399,IMPHY015519
https://pubchem.ncbi.nlm.nih.gov/compound/527418,IMPHY015548
https://pubchem.ncbi.nlm.nih.gov/compound/600416,IMPHY015763
https://pubchem.ncbi.nlm.nih.gov/compound/11996452,IMPHY016053
https://pubchem.ncbi.nlm.nih.gov/compound/121719,IMPHY002072
https://pubchem.ncbi.nlm.nih.gov/compound/25203405,IMPHY002925
https://pubchem.ncbi.nlm.nih.gov/compound/6432454,IMPHY003602
https://pubchem.ncbi.nlm.nih.gov/compound/171455,IMPHY003631
https://pubchem.ncbi.nlm.nih.gov/compound/62566,IMPHY003977
https://pubchem.ncbi.nlm.nih.gov/compound/29025,IMPHY004077
https://pubchem.ncbi.nlm.nih.gov/compound/227829,IMPHY004281
https://pubchem.ncbi.nlm.nih.gov/compound/289151,IMPHY004286
https://pubchem.ncbi.nlm.nih.gov/compound/18827,IMPHY005345
https://pubchem.ncbi.nlm.nih.gov/compound/5363374,IMPHY005992
https://pubchem.ncbi.nlm.nih.gov/compound/6440942,IMPHY006203
https://pubchem.ncbi.nlm.nih.gov/compound/61130,IMPHY006325
https://pubchem.ncbi.nlm.nih.gov/compound/6184,IMPHY006347
https://pubchem.ncbi.nlm.nih.gov/compound/8103,IMPHY007171
https://pubchem.ncbi.nlm.nih.gov/compound/8892,IMPHY007354
https://pubchem.ncbi.nlm.nih.gov/compound/94334,IMPHY007367
https://pubchem.ncbi.nlm.nih.gov/compound/93081,IMPHY007376
https://pubchem.ncbi.nlm.nih.gov/compound/957,IMPHY007620
https://pubchem.ncbi.nlm.nih.gov/compound/5317844,IMPHY008936
https://pubchem.ncbi.nlm.nih.gov/compound/1268142,IMPHY009360
https://pubchem.ncbi.nlm.nih.gov/compound/11830551,IMPHY010609
https://pubchem.ncbi.nlm.nih.gov/compound/122510,IMPHY011100
https://pubchem.ncbi.nlm.nih.gov/compound/1252759,IMPHY011407
https://pubchem.ncbi.nlm.nih.gov/compound/91457,IMPHY011542
https://pubchem.ncbi.nlm.nih.gov/compound/6451618,IMPHY011552
https://pubchem.ncbi.nlm.nih.gov/compound/5281168,IMPHY011562
https://pubchem.ncbi.nlm.nih.gov/compound/5281167,IMPHY011588
https://pubchem.ncbi.nlm.nih.gov/compound/5281517,IMPHY011658
https://pubchem.ncbi.nlm.nih.gov/compound/15560276,IMPHY011667
https://pubchem.ncbi.nlm.nih.gov/compound/5318042,IMPHY011694
https://pubchem.ncbi.nlm.nih.gov/compound/22559443,IMPHY011872
https://pubchem.ncbi.nlm.nih.gov/compound/92138,IMPHY011890
https://pubchem.ncbi.nlm.nih.gov/compound/9855795,IMPHY011896
https://pubchem.ncbi.nlm.nih.gov/compound/101607926,IMPHY012168
https://pubchem.ncbi.nlm.nih.gov/compound/84532,IMPHY012254
https://pubchem.ncbi.nlm.nih.gov/compound/86608,IMPHY012261
https://pubchem.ncbi.nlm.nih.gov/compound/3084311,IMPHY012585
https://pubchem.ncbi.nlm.nih.gov/compound/12302222,IMPHY012587
https://pubchem.ncbi.nlm.nih.gov/compound/5280435,IMPHY012712
https://pubchem.ncbi.nlm.nih.gov/compound/6432312,IMPHY012921
https://pubchem.ncbi.nlm.nih.gov/compound/12304985,IMPHY014690
https://pubchem.ncbi.nlm.nih.gov/compound/12306046,IMPHY014801
https://pubchem.ncbi.nlm.nih.gov/compound/5281553,IMPHY014835
https://pubchem.ncbi.nlm.nih.gov/compound/65575,IMPHY014857
https://pubchem.ncbi.nlm.nih.gov/compound/6429077,IMPHY014865
https://pubchem.ncbi.nlm.nih.gov/compound/5320128,IMPHY014871
https://pubchem.ncbi.nlm.nih.gov/compound/87839,IMPHY014877
https://pubchem.ncbi.nlm.nih.gov/compound/92812,IMPHY014986
https://pubchem.ncbi.nlm.nih.gov/compound/11038,IMPHY015040
https://pubchem.ncbi.nlm.nih.gov/compound/89664,IMPHY015098
https://pubchem.ncbi.nlm.nih.gov/compound/9859337,IMPHY015107
https://pubchem.ncbi.nlm.nih.gov/compound/42608158,IMPHY016012
https://pubchem.ncbi.nlm.nih.gov/compound/91748747,IMPHY017851
https://pubchem.ncbi.nlm.nih.gov/compound/10231,IMPHY001144
https://pubchem.ncbi.nlm.nih.gov/compound/101625871,IMPHY002501
https://pubchem.ncbi.nlm.nih.gov/compound/3860435,IMPHY002998
https://pubchem.ncbi.nlm.nih.gov/compound/11651583,IMPHY003969
https://pubchem.ncbi.nlm.nih.gov/compound/5321005,IMPHY004257
https://pubchem.ncbi.nlm.nih.gov/compound/5320424,IMPHY004352
https://pubchem.ncbi.nlm.nih.gov/compound/5316283,IMPHY004953
https://pubchem.ncbi.nlm.nih.gov/compound/5321003,IMPHY005516
https://pubchem.ncbi.nlm.nih.gov/compound/753,IMPHY006193
https://pubchem.ncbi.nlm.nih.gov/compound/6710676,IMPHY007250
https://pubchem.ncbi.nlm.nih.gov/compound/91754221,IMPHY007378
https://pubchem.ncbi.nlm.nih.gov/compound/62385,IMPHY008150
https://pubchem.ncbi.nlm.nih.gov/compound/91753433,IMPHY008903
https://pubchem.ncbi.nlm.nih.gov/compound/94275,IMPHY008946
https://pubchem.ncbi.nlm.nih.gov/compound/6431225,IMPHY009754
https://pubchem.ncbi.nlm.nih.gov/compound/524198,IMPHY009778
https://pubchem.ncbi.nlm.nih.gov/compound/519960,IMPHY009840
https://pubchem.ncbi.nlm.nih.gov/compound/519323,IMPHY009880
https://pubchem.ncbi.nlm.nih.gov/compound/6452061,IMPHY010781
https://pubchem.ncbi.nlm.nih.gov/compound/10369,IMPHY011074
https://pubchem.ncbi.nlm.nih.gov/compound/325,IMPHY011557
https://pubchem.ncbi.nlm.nih.gov/compound/10856614,IMPHY011581
https://pubchem.ncbi.nlm.nih.gov/compound/10494,IMPHY011826
https://pubchem.ncbi.nlm.nih.gov/compound/330573,IMPHY011973
https://pubchem.ncbi.nlm.nih.gov/compound/6428961,IMPHY012908
https://pubchem.ncbi.nlm.nih.gov/compound/6429022,IMPHY012910
https://pubchem.ncbi.nlm.nih.gov/compound/6432474,IMPHY013764
https://pubchem.ncbi.nlm.nih.gov/compound/91746575,IMPHY014506
https://pubchem.ncbi.nlm.nih.gov/compound/91747230,IMPHY014732
https://pubchem.ncbi.nlm.nih.gov/compound/74819450,IMPHY016603
https://pubchem.ncbi.nlm.nih.gov/compound/73015594,IMPHY017710
https://pubchem.ncbi.nlm.nih.gov/compound/11005,IMPHY000060
https://pubchem.ncbi.nlm.nih.gov/compound/5281,IMPHY004631
https://pubchem.ncbi.nlm.nih.gov/compound/10889388,IMPHY000614
https://pubchem.ncbi.nlm.nih.gov/compound/5280343,IMPHY004619
https://pubchem.ncbi.nlm.nih.gov/compound/91748745,IMPHY007272
https://pubchem.ncbi.nlm.nih.gov/compound/91747434,IMPHY010089
https://pubchem.ncbi.nlm.nih.gov/compound/92288133,IMPHY010560
https://pubchem.ncbi.nlm.nih.gov/compound/8417,IMPHY011395
https://pubchem.ncbi.nlm.nih.gov/compound/7478,IMPHY011515
https://pubchem.ncbi.nlm.nih.gov/compound/12308616,IMPHY011969
https://pubchem.ncbi.nlm.nih.gov/compound/101731,IMPHY012305
https://pubchem.ncbi.nlm.nih.gov/compound/5280934,IMPHY012723
https://pubchem.ncbi.nlm.nih.gov/compound/19725,IMPHY014881
https://pubchem.ncbi.nlm.nih.gov/compound/102005082,IMPHY001187
https://pubchem.ncbi.nlm.nih.gov/compound/3084341,IMPHY003139
https://pubchem.ncbi.nlm.nih.gov/compound/10467,IMPHY011394
https://pubchem.ncbi.nlm.nih.gov/compound/73641,IMPHY011627
https://pubchem.ncbi.nlm.nih.gov/compound/370,IMPHY012021
https://pubchem.ncbi.nlm.nih.gov/compound/10471,IMPHY000601
https://pubchem.ncbi.nlm.nih.gov/compound/101601927,IMPHY002419
https://pubchem.ncbi.nlm.nih.gov/compound/442674,IMPHY004799
https://pubchem.ncbi.nlm.nih.gov/compound/16175790,IMPHY005412
https://pubchem.ncbi.nlm.nih.gov/compound/5281855,IMPHY005537
https://pubchem.ncbi.nlm.nih.gov/compound/44567213,IMPHY006904
https://pubchem.ncbi.nlm.nih.gov/compound/8742,IMPHY006945
https://pubchem.ncbi.nlm.nih.gov/compound/6780,IMPHY007192
https://pubchem.ncbi.nlm.nih.gov/compound/8215,IMPHY007212
https://pubchem.ncbi.nlm.nih.gov/compound/13250,IMPHY009606
https://pubchem.ncbi.nlm.nih.gov/compound/72284,IMPHY010827
https://pubchem.ncbi.nlm.nih.gov/compound/71308174,IMPHY010998
https://pubchem.ncbi.nlm.nih.gov/compound/445858,IMPHY011802
https://pubchem.ncbi.nlm.nih.gov/compound/689043,IMPHY011933
https://pubchem.ncbi.nlm.nih.gov/compound/73659,IMPHY011970
https://pubchem.ncbi.nlm.nih.gov/compound/637542,IMPHY011974
https://pubchem.ncbi.nlm.nih.gov/compound/12444386,IMPHY012650
https://pubchem.ncbi.nlm.nih.gov/compound/16175788,IMPHY014353
https://pubchem.ncbi.nlm.nih.gov/compound/73111,IMPHY014693
https://pubchem.ncbi.nlm.nih.gov/compound/5742590,IMPHY014838
https://pubchem.ncbi.nlm.nih.gov/compound/122724,IMPHY002055
https://pubchem.ncbi.nlm.nih.gov/compound/6918774,IMPHY006612
https://pubchem.ncbi.nlm.nih.gov/compound/44567214,IMPHY006864
https://pubchem.ncbi.nlm.nih.gov/compound/101589227,IMPHY010880
https://pubchem.ncbi.nlm.nih.gov/compound/101587737,IMPHY010881
https://pubchem.ncbi.nlm.nih.gov/compound/14886031,IMPHY013245
https://pubchem.ncbi.nlm.nih.gov/compound/643684,IMPHY006466
https://pubchem.ncbi.nlm.nih.gov/compound/445638,IMPHY011666
https://pubchem.ncbi.nlm.nih.gov/compound/1057,IMPHY000103
https://pubchem.ncbi.nlm.nih.gov/compound/452707,IMPHY000783
https://pubchem.ncbi.nlm.nih.gov/compound/101425822,IMPHY002259
https://pubchem.ncbi.nlm.nih.gov/compound/145858,IMPHY002588
https://pubchem.ncbi.nlm.nih.gov/compound/359,IMPHY003265
https://pubchem.ncbi.nlm.nih.gov/compound/65238,IMPHY006658
https://pubchem.ncbi.nlm.nih.gov/compound/124021,IMPHY010070
https://pubchem.ncbi.nlm.nih.gov/compound/14658050,IMPHY013222
https://pubchem.ncbi.nlm.nih.gov/compound/131750182,IMPHY009587
https://pubchem.ncbi.nlm.nih.gov/compound/11944602,IMPHY011603
https://pubchem.ncbi.nlm.nih.gov/compound/24121289,IMPHY002929
https://pubchem.ncbi.nlm.nih.gov/compound/2214,IMPHY005715
https://pubchem.ncbi.nlm.nih.gov/compound/6440892,IMPHY010099
https://pubchem.ncbi.nlm.nih.gov/compound/129011779,IMPHY010632
https://pubchem.ncbi.nlm.nih.gov/compound/5280961,IMPHY004643
https://pubchem.ncbi.nlm.nih.gov/compound/5281616,IMPHY005434
https://pubchem.ncbi.nlm.nih.gov/compound/5378945,IMPHY005925
https://pubchem.ncbi.nlm.nih.gov/compound/68071,IMPHY007196
https://pubchem.ncbi.nlm.nih.gov/compound/439246,IMPHY010550
https://pubchem.ncbi.nlm.nih.gov/compound/124049,IMPHY010555
https://pubchem.ncbi.nlm.nih.gov/compound/445354,IMPHY001308
https://pubchem.ncbi.nlm.nih.gov/compound/243,IMPHY002962
https://pubchem.ncbi.nlm.nih.gov/compound/4114,IMPHY003037
https://pubchem.ncbi.nlm.nih.gov/compound/5280863,IMPHY004388
https://pubchem.ncbi.nlm.nih.gov/compound/2355,IMPHY005428
https://pubchem.ncbi.nlm.nih.gov/compound/162350,IMPHY008689
https://pubchem.ncbi.nlm.nih.gov/compound/5281243,IMPHY011620
https://pubchem.ncbi.nlm.nih.gov/compound/5280489,IMPHY011707
https://pubchem.ncbi.nlm.nih.gov/compound/5280804,IMPHY012721
https://pubchem.ncbi.nlm.nih.gov/compound/31368,IMPHY016286
https://pubchem.ncbi.nlm.nih.gov/compound/5881,IMPHY016827
https://pubchem.ncbi.nlm.nih.gov/compound/520103,IMPHY016835
https://pubchem.ncbi.nlm.nih.gov/compound/1727,IMPHY017165
https://pubchem.ncbi.nlm.nih.gov/compound/3651,IMPHY017284
https://pubchem.ncbi.nlm.nih.gov/compound/14982,IMPHY014927
https://pubchem.ncbi.nlm.nih.gov/compound/11349817,IMPHY000013
https://pubchem.ncbi.nlm.nih.gov/compound/11221431,IMPHY000151
https://pubchem.ncbi.nlm.nih.gov/compound/11092,IMPHY000295
https://pubchem.ncbi.nlm.nih.gov/compound/11006,IMPHY000308
https://pubchem.ncbi.nlm.nih.gov/compound/480854,IMPHY000375
https://pubchem.ncbi.nlm.nih.gov/compound/10748,IMPHY000688
https://pubchem.ncbi.nlm.nih.gov/compound/480774,IMPHY000852
https://pubchem.ncbi.nlm.nih.gov/compound/480787,IMPHY000864
https://pubchem.ncbi.nlm.nih.gov/compound/10336244,IMPHY001239
https://pubchem.ncbi.nlm.nih.gov/compound/10364,IMPHY001246
https://pubchem.ncbi.nlm.nih.gov/compound/15228661,IMPHY001500
https://pubchem.ncbi.nlm.nih.gov/compound/15559941,IMPHY001586
https://pubchem.ncbi.nlm.nih.gov/compound/11405466,IMPHY001793
https://pubchem.ncbi.nlm.nih.gov/compound/11427657,IMPHY001798
https://pubchem.ncbi.nlm.nih.gov/compound/11378967,IMPHY001806
https://pubchem.ncbi.nlm.nih.gov/compound/11596309,IMPHY001866
https://pubchem.ncbi.nlm.nih.gov/compound/114829,IMPHY001869
https://pubchem.ncbi.nlm.nih.gov/compound/11635,IMPHY001915
https://pubchem.ncbi.nlm.nih.gov/compound/11833,IMPHY001923
https://pubchem.ncbi.nlm.nih.gov/compound/11597485,IMPHY001944
https://pubchem.ncbi.nlm.nih.gov/compound/101280179,IMPHY002304
https://pubchem.ncbi.nlm.nih.gov/compound/101280184,IMPHY002305
https://pubchem.ncbi.nlm.nih.gov/compound/13849,IMPHY002667
https://pubchem.ncbi.nlm.nih.gov/compound/14296,IMPHY002803
https://pubchem.ncbi.nlm.nih.gov/compound/14257,IMPHY002875
https://pubchem.ncbi.nlm.nih.gov/compound/244,IMPHY002915
https://pubchem.ncbi.nlm.nih.gov/compound/263,IMPHY002949
https://pubchem.ncbi.nlm.nih.gov/compound/268208,IMPHY002982
https://pubchem.ncbi.nlm.nih.gov/compound/3893,IMPHY003016
https://pubchem.ncbi.nlm.nih.gov/compound/2969,IMPHY003104
https://pubchem.ncbi.nlm.nih.gov/compound/2879,IMPHY003113
https://pubchem.ncbi.nlm.nih.gov/compound/354368,IMPHY003256
https://pubchem.ncbi.nlm.nih.gov/compound/342,IMPHY003283
https://pubchem.ncbi.nlm.nih.gov/compound/381152,IMPHY003296
https://pubchem.ncbi.nlm.nih.gov/compound/379,IMPHY003301
https://pubchem.ncbi.nlm.nih.gov/compound/42608308,IMPHY003394
https://pubchem.ncbi.nlm.nih.gov/compound/323,IMPHY003490
https://pubchem.ncbi.nlm.nih.gov/compound/31291,IMPHY003537
https://pubchem.ncbi.nlm.nih.gov/compound/335,IMPHY003555
https://pubchem.ncbi.nlm.nih.gov/compound/10197,IMPHY003809
https://pubchem.ncbi.nlm.nih.gov/compound/101280182,IMPHY004133
https://pubchem.ncbi.nlm.nih.gov/compound/94715,IMPHY004235
https://pubchem.ncbi.nlm.nih.gov/compound/5320693,IMPHY004344
https://pubchem.ncbi.nlm.nih.gov/compound/5318869,IMPHY004360
https://pubchem.ncbi.nlm.nih.gov/compound/5318993,IMPHY004362
https://pubchem.ncbi.nlm.nih.gov/compound/5319013,IMPHY004365
https://pubchem.ncbi.nlm.nih.gov/compound/5144,IMPHY004549
https://pubchem.ncbi.nlm.nih.gov/compound/5281812,IMPHY004586
https://pubchem.ncbi.nlm.nih.gov/compound/5281789,IMPHY004595
https://pubchem.ncbi.nlm.nih.gov/compound/5281804,IMPHY004601
https://pubchem.ncbi.nlm.nih.gov/compound/51666248,IMPHY004636
https://pubchem.ncbi.nlm.nih.gov/compound/5280443,IMPHY004661
https://pubchem.ncbi.nlm.nih.gov/compound/44257206,IMPHY004701
https://pubchem.ncbi.nlm.nih.gov/compound/503737,IMPHY004759
https://pubchem.ncbi.nlm.nih.gov/compound/442774,IMPHY004868
https://pubchem.ncbi.nlm.nih.gov/compound/5317652,IMPHY004974
https://pubchem.ncbi.nlm.nih.gov/compound/5316952,IMPHY004981
https://pubchem.ncbi.nlm.nih.gov/compound/5317764,IMPHY004988
https://pubchem.ncbi.nlm.nih.gov/compound/5318591,IMPHY005051
https://pubchem.ncbi.nlm.nih.gov/compound/5318619,IMPHY005055
https://pubchem.ncbi.nlm.nih.gov/compound/5317777,IMPHY005062
https://pubchem.ncbi.nlm.nih.gov/compound/5282361,IMPHY005574
https://pubchem.ncbi.nlm.nih.gov/compound/5281426,IMPHY005587
https://pubchem.ncbi.nlm.nih.gov/compound/22524410,IMPHY005669
https://pubchem.ncbi.nlm.nih.gov/compound/21591148,IMPHY005762
https://pubchem.ncbi.nlm.nih.gov/compound/19602,IMPHY005811
https://pubchem.ncbi.nlm.nih.gov/compound/5481234,IMPHY005876
https://pubchem.ncbi.nlm.nih.gov/compound/5481964,IMPHY005893
https://pubchem.ncbi.nlm.nih.gov/compound/5380976,IMPHY005923
https://pubchem.ncbi.nlm.nih.gov/compound/74819335,IMPHY006083
https://pubchem.ncbi.nlm.nih.gov/compound/638278,IMPHY006489
https://pubchem.ncbi.nlm.nih.gov/compound/6989,IMPHY006550
https://pubchem.ncbi.nlm.nih.gov/compound/72304,IMPHY006684
https://pubchem.ncbi.nlm.nih.gov/compound/7127,IMPHY006696
https://pubchem.ncbi.nlm.nih.gov/compound/90479675,IMPHY006740
https://pubchem.ncbi.nlm.nih.gov/compound/8815,IMPHY006944
https://pubchem.ncbi.nlm.nih.gov/compound/8222,IMPHY006951
https://pubchem.ncbi.nlm.nih.gov/compound/785868,IMPHY006967
https://pubchem.ncbi.nlm.nih.gov/compound/8175,IMPHY006970
https://pubchem.ncbi.nlm.nih.gov/compound/798,IMPHY006981
https://pubchem.ncbi.nlm.nih.gov/compound/7361,IMPHY007006
https://pubchem.ncbi.nlm.nih.gov/compound/7362,IMPHY007041
https://pubchem.ncbi.nlm.nih.gov/compound/8180,IMPHY007068
https://pubchem.ncbi.nlm.nih.gov/compound/8186,IMPHY007076
https://pubchem.ncbi.nlm.nih.gov/compound/8193,IMPHY007100
https://pubchem.ncbi.nlm.nih.gov/compound/8130,IMPHY007186
https://pubchem.ncbi.nlm.nih.gov/compound/8094,IMPHY007195
https://pubchem.ncbi.nlm.nih.gov/compound/8194,IMPHY007204
https://pubchem.ncbi.nlm.nih.gov/compound/66841,IMPHY007267
https://pubchem.ncbi.nlm.nih.gov/compound/8857,IMPHY007417
https://pubchem.ncbi.nlm.nih.gov/compound/21591149,IMPHY007958
https://pubchem.ncbi.nlm.nih.gov/compound/637141,IMPHY008216
https://pubchem.ncbi.nlm.nih.gov/compound/5317762,IMPHY008234
https://pubchem.ncbi.nlm.nih.gov/compound/5280378,IMPHY009035
https://pubchem.ncbi.nlm.nih.gov/compound/197678,IMPHY009114
https://pubchem.ncbi.nlm.nih.gov/compound/5481948,IMPHY009174
https://pubchem.ncbi.nlm.nih.gov/compound/12398,IMPHY009368
https://pubchem.ncbi.nlm.nih.gov/compound/12401,IMPHY009369
https://pubchem.ncbi.nlm.nih.gov/compound/12405,IMPHY009375
https://pubchem.ncbi.nlm.nih.gov/compound/124052,IMPHY009376
https://pubchem.ncbi.nlm.nih.gov/compound/12403,IMPHY009382
https://pubchem.ncbi.nlm.nih.gov/compound/12391,IMPHY009389
https://pubchem.ncbi.nlm.nih.gov/compound/12310283,IMPHY009406
https://pubchem.ncbi.nlm.nih.gov/compound/12388,IMPHY009419
https://pubchem.ncbi.nlm.nih.gov/compound/12530,IMPHY009513
https://pubchem.ncbi.nlm.nih.gov/compound/8129,IMPHY009751
https://pubchem.ncbi.nlm.nih.gov/compound/8375,IMPHY009784
https://pubchem.ncbi.nlm.nih.gov/compound/8184,IMPHY009858
https://pubchem.ncbi.nlm.nih.gov/compound/240,IMPHY009946
https://pubchem.ncbi.nlm.nih.gov/compound/8182,IMPHY010000
https://pubchem.ncbi.nlm.nih.gov/compound/12389,IMPHY011215
https://pubchem.ncbi.nlm.nih.gov/compound/158280,IMPHY011489
https://pubchem.ncbi.nlm.nih.gov/compound/12305517,IMPHY011842
https://pubchem.ncbi.nlm.nih.gov/compound/442495,IMPHY011884
https://pubchem.ncbi.nlm.nih.gov/compound/101280183,IMPHY011887
https://pubchem.ncbi.nlm.nih.gov/compound/8158,IMPHY012100
https://pubchem.ncbi.nlm.nih.gov/compound/480872,IMPHY012575
https://pubchem.ncbi.nlm.nih.gov/compound/5320238,IMPHY012804
https://pubchem.ncbi.nlm.nih.gov/compound/5365703,IMPHY012826
https://pubchem.ncbi.nlm.nih.gov/compound/6475724,IMPHY012954
https://pubchem.ncbi.nlm.nih.gov/compound/71597391,IMPHY013522
https://pubchem.ncbi.nlm.nih.gov/compound/131753027,IMPHY013718
https://pubchem.ncbi.nlm.nih.gov/compound/25203368,IMPHY014396
https://pubchem.ncbi.nlm.nih.gov/compound/5282102,IMPHY014824
https://pubchem.ncbi.nlm.nih.gov/compound/10114,IMPHY014926
https://pubchem.ncbi.nlm.nih.gov/compound/26447,IMPHY015004
https://pubchem.ncbi.nlm.nih.gov/compound/21476,IMPHY017205
https://pubchem.ncbi.nlm.nih.gov/compound/68481,IMPHY017676
https://pubchem.ncbi.nlm.nih.gov/compound/10990178,IMPHY000053
https://pubchem.ncbi.nlm.nih.gov/compound/11023938,IMPHY000318
https://pubchem.ncbi.nlm.nih.gov/compound/10001604,IMPHY000603
https://pubchem.ncbi.nlm.nih.gov/compound/480860,IMPHY000742
https://pubchem.ncbi.nlm.nih.gov/compound/487089,IMPHY000754
https://pubchem.ncbi.nlm.nih.gov/compound/480873,IMPHY000765
https://pubchem.ncbi.nlm.nih.gov/compound/480865,IMPHY000776
https://pubchem.ncbi.nlm.nih.gov/compound/480815,IMPHY000791
https://pubchem.ncbi.nlm.nih.gov/compound/480764,IMPHY000819
https://pubchem.ncbi.nlm.nih.gov/compound/500472,IMPHY000862
https://pubchem.ncbi.nlm.nih.gov/compound/480799,IMPHY000863
https://pubchem.ncbi.nlm.nih.gov/compound/480777,IMPHY000871
https://pubchem.ncbi.nlm.nih.gov/compound/46232263,IMPHY001010
https://pubchem.ncbi.nlm.nih.gov/compound/10360893,IMPHY001244
https://pubchem.ncbi.nlm.nih.gov/compound/10362492,IMPHY001245
https://pubchem.ncbi.nlm.nih.gov/compound/443614,IMPHY001262
https://pubchem.ncbi.nlm.nih.gov/compound/10251,IMPHY001315
https://pubchem.ncbi.nlm.nih.gov/compound/14079,IMPHY001688
https://pubchem.ncbi.nlm.nih.gov/compound/12097,IMPHY002003
https://pubchem.ncbi.nlm.nih.gov/compound/14514,IMPHY002720
https://pubchem.ncbi.nlm.nih.gov/compound/14505,IMPHY002750
https://pubchem.ncbi.nlm.nih.gov/compound/14504,IMPHY002787
https://pubchem.ncbi.nlm.nih.gov/compound/262,IMPHY002926
https://pubchem.ncbi.nlm.nih.gov/compound/26808,IMPHY002958
https://pubchem.ncbi.nlm.nih.gov/compound/42607541,IMPHY003035
https://pubchem.ncbi.nlm.nih.gov/compound/177149,IMPHY003324
https://pubchem.ncbi.nlm.nih.gov/compound/179,IMPHY003340
https://pubchem.ncbi.nlm.nih.gov/compound/31256,IMPHY003486
https://pubchem.ncbi.nlm.nih.gov/compound/336327,IMPHY003549
https://pubchem.ncbi.nlm.nih.gov/compound/122097,IMPHY004109
https://pubchem.ncbi.nlm.nih.gov/compound/5280746,IMPHY004237
https://pubchem.ncbi.nlm.nih.gov/compound/5318998,IMPHY004374
https://pubchem.ncbi.nlm.nih.gov/compound/5319000,IMPHY004395
https://pubchem.ncbi.nlm.nih.gov/compound/5320083,IMPHY004405
https://pubchem.ncbi.nlm.nih.gov/compound/5321411,IMPHY004460
https://pubchem.ncbi.nlm.nih.gov/compound/5319664,IMPHY004477
https://pubchem.ncbi.nlm.nih.gov/compound/521947,IMPHY004522
https://pubchem.ncbi.nlm.nih.gov/compound/5281814,IMPHY004583
https://pubchem.ncbi.nlm.nih.gov/compound/503731,IMPHY004758
https://pubchem.ncbi.nlm.nih.gov/compound/5317756,IMPHY004987
https://pubchem.ncbi.nlm.nih.gov/compound/5317480,IMPHY005005
https://pubchem.ncbi.nlm.nih.gov/compound/5318585,IMPHY005049
https://pubchem.ncbi.nlm.nih.gov/compound/23594959,IMPHY005381
https://pubchem.ncbi.nlm.nih.gov/compound/163744,IMPHY005401
https://pubchem.ncbi.nlm.nih.gov/compound/20560368,IMPHY005518
https://pubchem.ncbi.nlm.nih.gov/compound/22297602,IMPHY005638
https://pubchem.ncbi.nlm.nih.gov/compound/228583,IMPHY005674
https://pubchem.ncbi.nlm.nih.gov/compound/195342,IMPHY005730
https://pubchem.ncbi.nlm.nih.gov/compound/195343,IMPHY005731
https://pubchem.ncbi.nlm.nih.gov/compound/5487298,IMPHY005863
https://pubchem.ncbi.nlm.nih.gov/compound/6442675,IMPHY006247
https://pubchem.ncbi.nlm.nih.gov/compound/5367460,IMPHY006410
https://pubchem.ncbi.nlm.nih.gov/compound/5464156,IMPHY006428
https://pubchem.ncbi.nlm.nih.gov/compound/638072,IMPHY006486
https://pubchem.ncbi.nlm.nih.gov/compound/6990,IMPHY006552
https://pubchem.ncbi.nlm.nih.gov/compound/70968,IMPHY006595
https://pubchem.ncbi.nlm.nih.gov/compound/72300,IMPHY006690
https://pubchem.ncbi.nlm.nih.gov/compound/162412,IMPHY006745
https://pubchem.ncbi.nlm.nih.gov/compound/122851,IMPHY006776
https://pubchem.ncbi.nlm.nih.gov/compound/442813,IMPHY006894
https://pubchem.ncbi.nlm.nih.gov/compound/7938,IMPHY006953
https://pubchem.ncbi.nlm.nih.gov/compound/8369,IMPHY007058
https://pubchem.ncbi.nlm.nih.gov/compound/6451349,IMPHY007169
https://pubchem.ncbi.nlm.nih.gov/compound/9840805,IMPHY007465
https://pubchem.ncbi.nlm.nih.gov/compound/5318999,IMPHY007499
https://pubchem.ncbi.nlm.nih.gov/compound/10090416,IMPHY007508
https://pubchem.ncbi.nlm.nih.gov/compound/6569,IMPHY007720
https://pubchem.ncbi.nlm.nih.gov/compound/629440,IMPHY008064
https://pubchem.ncbi.nlm.nih.gov/compound/637247,IMPHY008226
https://pubchem.ncbi.nlm.nih.gov/compound/892,IMPHY008252
https://pubchem.ncbi.nlm.nih.gov/compound/3037108,IMPHY008284
https://pubchem.ncbi.nlm.nih.gov/compound/12170,IMPHY008508
https://pubchem.ncbi.nlm.nih.gov/compound/7704,IMPHY008880
https://pubchem.ncbi.nlm.nih.gov/compound/12397,IMPHY009367
https://pubchem.ncbi.nlm.nih.gov/compound/124050,IMPHY009386
https://pubchem.ncbi.nlm.nih.gov/compound/12409,IMPHY009482
https://pubchem.ncbi.nlm.nih.gov/compound/131752021,IMPHY009680
https://pubchem.ncbi.nlm.nih.gov/compound/7302,IMPHY009823
https://pubchem.ncbi.nlm.nih.gov/compound/12756,IMPHY009824
https://pubchem.ncbi.nlm.nih.gov/compound/101280181,IMPHY010136
https://pubchem.ncbi.nlm.nih.gov/compound/46869260,IMPHY010393
https://pubchem.ncbi.nlm.nih.gov/compound/15228663,IMPHY010594
https://pubchem.ncbi.nlm.nih.gov/compound/5282184,IMPHY010841
https://pubchem.ncbi.nlm.nih.gov/compound/73357140,IMPHY011265
/imppat/phytochemical-searchsupclass/Phenylpropanoids and polyketides,IMPHY000668
https://pubchem.ncbi.nlm.nih.gov/compound/460,IMPHY011409
https://pubchem.ncbi.nlm.nih.gov/compound/338,IMPHY011523
https://pubchem.ncbi.nlm.nih.gov/compound/261491,IMPHY011901
https://pubchem.ncbi.nlm.nih.gov/compound/158471,IMPHY011918
https://pubchem.ncbi.nlm.nih.gov/compound/1549111,IMPHY012011
https://pubchem.ncbi.nlm.nih.gov/compound/1032,IMPHY012028
https://pubchem.ncbi.nlm.nih.gov/compound/2181,IMPHY012035
https://pubchem.ncbi.nlm.nih.gov/compound/7742,IMPHY012083
https://pubchem.ncbi.nlm.nih.gov/compound/73398,IMPHY012226
https://pubchem.ncbi.nlm.nih.gov/compound/155094,IMPHY012358
https://pubchem.ncbi.nlm.nih.gov/compound/556916,IMPHY012614
https://pubchem.ncbi.nlm.nih.gov/compound/5889042,IMPHY012891
https://pubchem.ncbi.nlm.nih.gov/compound/11979494,IMPHY013072
https://pubchem.ncbi.nlm.nih.gov/compound/8299,IMPHY013759
https://pubchem.ncbi.nlm.nih.gov/compound/14525,IMPHY013836
https://pubchem.ncbi.nlm.nih.gov/compound/135436526,IMPHY014675
https://pubchem.ncbi.nlm.nih.gov/compound/2723872,IMPHY014916
https://pubchem.ncbi.nlm.nih.gov/compound/6255,IMPHY014998
https://pubchem.ncbi.nlm.nih.gov/compound/5280805,IMPHY015047
https://pubchem.ncbi.nlm.nih.gov/compound/5280459,IMPHY015054
https://pubchem.ncbi.nlm.nih.gov/compound/7330517,IMPHY015465
https://pubchem.ncbi.nlm.nih.gov/compound/7798,IMPHY015534
https://pubchem.ncbi.nlm.nih.gov/compound/53423642,IMPHY015688
https://pubchem.ncbi.nlm.nih.gov/compound/61167,IMPHY015689
https://pubchem.ncbi.nlm.nih.gov/compound/263034,IMPHY015690
https://pubchem.ncbi.nlm.nih.gov/compound/61166,IMPHY015692
https://pubchem.ncbi.nlm.nih.gov/compound/46173993,IMPHY015702
https://pubchem.ncbi.nlm.nih.gov/compound/15233562,IMPHY015703
https://pubchem.ncbi.nlm.nih.gov/compound/14187587,IMPHY015707
https://pubchem.ncbi.nlm.nih.gov/compound/62074,IMPHY015708
https://pubchem.ncbi.nlm.nih.gov/compound/76064992,IMPHY015709
https://pubchem.ncbi.nlm.nih.gov/compound/15233561,IMPHY015710
https://pubchem.ncbi.nlm.nih.gov/compound/77302,IMPHY015715
https://pubchem.ncbi.nlm.nih.gov/compound/10881804,IMPHY015779
https://pubchem.ncbi.nlm.nih.gov/compound/101999902,IMPHY015780
https://pubchem.ncbi.nlm.nih.gov/compound/10542808,IMPHY015781
https://pubchem.ncbi.nlm.nih.gov/compound/102444980,IMPHY015782
https://pubchem.ncbi.nlm.nih.gov/compound/15380912,IMPHY015783
https://pubchem.ncbi.nlm.nih.gov/compound/10046166,IMPHY015784
https://pubchem.ncbi.nlm.nih.gov/compound/15840593,IMPHY015792
https://pubchem.ncbi.nlm.nih.gov/compound/14218027,IMPHY015793
https://pubchem.ncbi.nlm.nih.gov/compound/392443,IMPHY015794
https://pubchem.ncbi.nlm.nih.gov/compound/602152,IMPHY015849
https://pubchem.ncbi.nlm.nih.gov/compound/15228660,IMPHY015890
https://pubchem.ncbi.nlm.nih.gov/compound/3881907,IMPHY015893
https://pubchem.ncbi.nlm.nih.gov/compound/26332,IMPHY015919
https://pubchem.ncbi.nlm.nih.gov/compound/1048,IMPHY015920
https://pubchem.ncbi.nlm.nih.gov/compound/14769500,IMPHY015988
https://pubchem.ncbi.nlm.nih.gov/compound/10168,IMPHY002157
https://pubchem.ncbi.nlm.nih.gov/compound/68171,IMPHY007273
https://pubchem.ncbi.nlm.nih.gov/compound/5317352,IMPHY010165
https://pubchem.ncbi.nlm.nih.gov/compound/440835,IMPHY011885
https://pubchem.ncbi.nlm.nih.gov/compound/12305761,IMPHY013089
https://pubchem.ncbi.nlm.nih.gov/compound/9064,IMPHY014854
https://pubchem.ncbi.nlm.nih.gov/compound/64689,IMPHY014925
https://pubchem.ncbi.nlm.nih.gov/compound/102115508,IMPHY000341
https://pubchem.ncbi.nlm.nih.gov/compound/10104370,IMPHY000399
https://pubchem.ncbi.nlm.nih.gov/compound/108065,IMPHY000622
https://pubchem.ncbi.nlm.nih.gov/compound/10408,IMPHY001135
https://pubchem.ncbi.nlm.nih.gov/compound/10248,IMPHY001351
https://pubchem.ncbi.nlm.nih.gov/compound/11592917,IMPHY001873
https://pubchem.ncbi.nlm.nih.gov/compound/11622,IMPHY001881
https://pubchem.ncbi.nlm.nih.gov/compound/11636,IMPHY001896
https://pubchem.ncbi.nlm.nih.gov/compound/3286789,IMPHY003535
https://pubchem.ncbi.nlm.nih.gov/compound/5284421,IMPHY004225
https://pubchem.ncbi.nlm.nih.gov/compound/5319706,IMPHY004399
https://pubchem.ncbi.nlm.nih.gov/compound/74138,IMPHY006063
https://pubchem.ncbi.nlm.nih.gov/compound/638014,IMPHY006485
https://pubchem.ncbi.nlm.nih.gov/compound/8217,IMPHY006925
https://pubchem.ncbi.nlm.nih.gov/compound/8181,IMPHY006971
https://pubchem.ncbi.nlm.nih.gov/compound/8363,IMPHY007048
https://pubchem.ncbi.nlm.nih.gov/compound/18027,IMPHY008305
https://pubchem.ncbi.nlm.nih.gov/compound/12406,IMPHY009377
https://pubchem.ncbi.nlm.nih.gov/compound/12534,IMPHY009490
https://pubchem.ncbi.nlm.nih.gov/compound/5318557,IMPHY010002
https://pubchem.ncbi.nlm.nih.gov/compound/1711945,IMPHY010538
https://pubchem.ncbi.nlm.nih.gov/compound/18936,IMPHY010579
https://pubchem.ncbi.nlm.nih.gov/compound/10026486,IMPHY010589
https://pubchem.ncbi.nlm.nih.gov/compound/29251,IMPHY010977
https://pubchem.ncbi.nlm.nih.gov/compound/6466,IMPHY011559
https://pubchem.ncbi.nlm.nih.gov/compound/5281326,IMPHY011613
https://pubchem.ncbi.nlm.nih.gov/compound/5317319,IMPHY011657
https://pubchem.ncbi.nlm.nih.gov/compound/12395,IMPHY012133
https://pubchem.ncbi.nlm.nih.gov/compound/14260,IMPHY012145
https://pubchem.ncbi.nlm.nih.gov/compound/643820,IMPHY012654
https://pubchem.ncbi.nlm.nih.gov/compound/13915496,IMPHY014964
https://pubchem.ncbi.nlm.nih.gov/compound/5284507,IMPHY015022
https://pubchem.ncbi.nlm.nih.gov/compound/12309055,IMPHY015072
https://pubchem.ncbi.nlm.nih.gov/compound/15677814,IMPHY015541
https://pubchem.ncbi.nlm.nih.gov/compound/11197,IMPHY000165
https://pubchem.ncbi.nlm.nih.gov/compound/10208,IMPHY000220
https://pubchem.ncbi.nlm.nih.gov/compound/10207,IMPHY000333
https://pubchem.ncbi.nlm.nih.gov/compound/182185,IMPHY003391
https://pubchem.ncbi.nlm.nih.gov/compound/439336,IMPHY003421
https://pubchem.ncbi.nlm.nih.gov/compound/9548843,IMPHY003746
https://pubchem.ncbi.nlm.nih.gov/compound/53438729,IMPHY004497
https://pubchem.ncbi.nlm.nih.gov/compound/7762,IMPHY006033
https://pubchem.ncbi.nlm.nih.gov/compound/68972,IMPHY006558
https://pubchem.ncbi.nlm.nih.gov/compound/971,IMPHY007450
https://pubchem.ncbi.nlm.nih.gov/compound/12535,IMPHY009413
https://pubchem.ncbi.nlm.nih.gov/compound/264,IMPHY010081
https://pubchem.ncbi.nlm.nih.gov/compound/5282610,IMPHY010138
https://pubchem.ncbi.nlm.nih.gov/compound/3220,IMPHY011543
https://pubchem.ncbi.nlm.nih.gov/compound/122738,IMPHY011577
https://pubchem.ncbi.nlm.nih.gov/compound/5988,IMPHY012053
https://pubchem.ncbi.nlm.nih.gov/compound/5793,IMPHY014893
https://pubchem.ncbi.nlm.nih.gov/compound/72276,IMPHY014908
https://pubchem.ncbi.nlm.nih.gov/compound/37982,IMPHY003294
https://pubchem.ncbi.nlm.nih.gov/compound/311,IMPHY003500
https://pubchem.ncbi.nlm.nih.gov/compound/20245,IMPHY005656
https://pubchem.ncbi.nlm.nih.gov/compound/23524,IMPHY005664
https://pubchem.ncbi.nlm.nih.gov/compound/72,IMPHY011883
https://pubchem.ncbi.nlm.nih.gov/compound/443639,IMPHY011990
https://pubchem.ncbi.nlm.nih.gov/compound/10639,IMPHY012117
https://pubchem.ncbi.nlm.nih.gov/compound/91440,IMPHY012222
https://pubchem.ncbi.nlm.nih.gov/compound/10416,IMPHY001097
https://pubchem.ncbi.nlm.nih.gov/compound/12921,IMPHY009570
https://pubchem.ncbi.nlm.nih.gov/compound/6449780,IMPHY011724
https://pubchem.ncbi.nlm.nih.gov/compound/107876,IMPHY000569
/imppat/phytochemical-searchsupclass/Organoheterocyclic compounds,IMPHY006786
https://pubchem.ncbi.nlm.nih.gov/compound/122850,IMPHY002073
https://pubchem.ncbi.nlm.nih.gov/compound/440015,IMPHY003456
https://pubchem.ncbi.nlm.nih.gov/compound/5312688,IMPHY004905
https://pubchem.ncbi.nlm.nih.gov/compound/22561416,IMPHY005736
https://pubchem.ncbi.nlm.nih.gov/compound/68406,IMPHY006972
https://pubchem.ncbi.nlm.nih.gov/compound/94741,IMPHY008930
https://pubchem.ncbi.nlm.nih.gov/compound/94164,IMPHY007366
https://pubchem.ncbi.nlm.nih.gov/compound/12304273,IMPHY009815
https://pubchem.ncbi.nlm.nih.gov/compound/5368743,IMPHY011356
https://pubchem.ncbi.nlm.nih.gov/compound/10889018,IMPHY011668
https://pubchem.ncbi.nlm.nih.gov/compound/442343,IMPHY012665
https://pubchem.ncbi.nlm.nih.gov/compound/90351,IMPHY015122
https://pubchem.ncbi.nlm.nih.gov/compound/15560069,IMPHY016005
https://pubchem.ncbi.nlm.nih.gov/compound/6429302,IMPHY016054
https://pubchem.ncbi.nlm.nih.gov/compound/91747530,IMPHY016538
https://pubchem.ncbi.nlm.nih.gov/compound/42608198,IMPHY016553
https://pubchem.ncbi.nlm.nih.gov/compound/44583958,IMPHY016886
https://pubchem.ncbi.nlm.nih.gov/compound/15276127,IMPHY016892
https://pubchem.ncbi.nlm.nih.gov/compound/101614240,IMPHY016938
https://pubchem.ncbi.nlm.nih.gov/compound/91710638,IMPHY017816
https://pubchem.ncbi.nlm.nih.gov/compound/91747459,IMPHY017836
https://pubchem.ncbi.nlm.nih.gov/compound/10720,IMPHY000571
https://pubchem.ncbi.nlm.nih.gov/compound/10047,IMPHY000711
https://pubchem.ncbi.nlm.nih.gov/compound/14059029,IMPHY001656
https://pubchem.ncbi.nlm.nih.gov/compound/11552,IMPHY001854
https://pubchem.ncbi.nlm.nih.gov/compound/121536,IMPHY002103
https://pubchem.ncbi.nlm.nih.gov/compound/14014430,IMPHY002533
https://pubchem.ncbi.nlm.nih.gov/compound/25244915,IMPHY002920
https://pubchem.ncbi.nlm.nih.gov/compound/5368798,IMPHY003172
https://pubchem.ncbi.nlm.nih.gov/compound/13894537,IMPHY003616
https://pubchem.ncbi.nlm.nih.gov/compound/5352653,IMPHY003798
https://pubchem.ncbi.nlm.nih.gov/compound/5315468,IMPHY003807
https://pubchem.ncbi.nlm.nih.gov/compound/11085337,IMPHY004049
https://pubchem.ncbi.nlm.nih.gov/compound/5320249,IMPHY004414
https://pubchem.ncbi.nlm.nih.gov/compound/5321816,IMPHY004466
https://pubchem.ncbi.nlm.nih.gov/compound/163263,IMPHY005400
https://pubchem.ncbi.nlm.nih.gov/compound/578221,IMPHY005814
https://pubchem.ncbi.nlm.nih.gov/compound/6450269,IMPHY006021
https://pubchem.ncbi.nlm.nih.gov/compound/6536796,IMPHY006660
https://pubchem.ncbi.nlm.nih.gov/compound/79044,IMPHY006929
https://pubchem.ncbi.nlm.nih.gov/compound/86895,IMPHY006932
https://pubchem.ncbi.nlm.nih.gov/compound/8294,IMPHY007067
https://pubchem.ncbi.nlm.nih.gov/compound/6427070,IMPHY009699
https://pubchem.ncbi.nlm.nih.gov/compound/131752692,IMPHY009705
https://pubchem.ncbi.nlm.nih.gov/compound/25203064,IMPHY009737
https://pubchem.ncbi.nlm.nih.gov/compound/14038847,IMPHY009742
https://pubchem.ncbi.nlm.nih.gov/compound/67178146,IMPHY011209
https://pubchem.ncbi.nlm.nih.gov/compound/445070,IMPHY011632
https://pubchem.ncbi.nlm.nih.gov/compound/7462,IMPHY011643
https://pubchem.ncbi.nlm.nih.gov/compound/11106484,IMPHY011669
https://pubchem.ncbi.nlm.nih.gov/compound/92776,IMPHY011745
https://pubchem.ncbi.nlm.nih.gov/compound/6857681,IMPHY011752
https://pubchem.ncbi.nlm.nih.gov/compound/5281532,IMPHY012013
https://pubchem.ncbi.nlm.nih.gov/compound/7308311,IMPHY012289
https://pubchem.ncbi.nlm.nih.gov/compound/5320250,IMPHY012739
https://pubchem.ncbi.nlm.nih.gov/compound/100966488,IMPHY014524
https://pubchem.ncbi.nlm.nih.gov/compound/101352468,IMPHY014552
https://pubchem.ncbi.nlm.nih.gov/compound/521569,IMPHY014830
https://pubchem.ncbi.nlm.nih.gov/compound/110923,IMPHY016719
https://pubchem.ncbi.nlm.nih.gov/compound/15037,IMPHY001574
https://pubchem.ncbi.nlm.nih.gov/compound/14059042,IMPHY001657
https://pubchem.ncbi.nlm.nih.gov/compound/11816173,IMPHY001926
https://pubchem.ncbi.nlm.nih.gov/compound/25202482,IMPHY002913
https://pubchem.ncbi.nlm.nih.gov/compound/332,IMPHY003495
https://pubchem.ncbi.nlm.nih.gov/compound/101449606,IMPHY003985
https://pubchem.ncbi.nlm.nih.gov/compound/7144,IMPHY006640
https://pubchem.ncbi.nlm.nih.gov/compound/5316534,IMPHY007908
https://pubchem.ncbi.nlm.nih.gov/compound/62453,IMPHY008198
https://pubchem.ncbi.nlm.nih.gov/compound/62465,IMPHY008213
https://pubchem.ncbi.nlm.nih.gov/compound/10932923,IMPHY008952
https://pubchem.ncbi.nlm.nih.gov/compound/10775429,IMPHY010952
https://pubchem.ncbi.nlm.nih.gov/compound/3033866,IMPHY011839
https://pubchem.ncbi.nlm.nih.gov/compound/5352449,IMPHY012815
https://pubchem.ncbi.nlm.nih.gov/compound/91753183,IMPHY014514
https://pubchem.ncbi.nlm.nih.gov/compound/6431015,IMPHY014805
https://pubchem.ncbi.nlm.nih.gov/compound/91753502,IMPHY014863
https://pubchem.ncbi.nlm.nih.gov/compound/21675862,IMPHY015469
https://pubchem.ncbi.nlm.nih.gov/compound/101925674,IMPHY015596
https://pubchem.ncbi.nlm.nih.gov/compound/6430906,IMPHY016043
https://pubchem.ncbi.nlm.nih.gov/compound/11119228,IMPHY000093
https://pubchem.ncbi.nlm.nih.gov/compound/10505484,IMPHY000150
https://pubchem.ncbi.nlm.nih.gov/compound/44567124,IMPHY001446
https://pubchem.ncbi.nlm.nih.gov/compound/44567123,IMPHY001448
https://pubchem.ncbi.nlm.nih.gov/compound/15560423,IMPHY001600
https://pubchem.ncbi.nlm.nih.gov/compound/12004512,IMPHY002006
https://pubchem.ncbi.nlm.nih.gov/compound/101289844,IMPHY002171
https://pubchem.ncbi.nlm.nih.gov/compound/9823926,IMPHY004200
https://pubchem.ncbi.nlm.nih.gov/compound/5353609,IMPHY004432
https://pubchem.ncbi.nlm.nih.gov/compound/189727,IMPHY005303
https://pubchem.ncbi.nlm.nih.gov/compound/189404,IMPHY005310
https://pubchem.ncbi.nlm.nih.gov/compound/189403,IMPHY005328
https://pubchem.ncbi.nlm.nih.gov/compound/189704,IMPHY005337
https://pubchem.ncbi.nlm.nih.gov/compound/94162,IMPHY007375
https://pubchem.ncbi.nlm.nih.gov/compound/189706,IMPHY009443
https://pubchem.ncbi.nlm.nih.gov/compound/49863985,IMPHY011387
https://pubchem.ncbi.nlm.nih.gov/compound/108058,IMPHY012310
https://pubchem.ncbi.nlm.nih.gov/compound/177090,IMPHY012408
https://pubchem.ncbi.nlm.nih.gov/compound/189660,IMPHY013917
https://pubchem.ncbi.nlm.nih.gov/compound/189726,IMPHY013919
https://pubchem.ncbi.nlm.nih.gov/compound/189728,IMPHY013920
https://pubchem.ncbi.nlm.nih.gov/compound/440554,IMPHY013953
https://pubchem.ncbi.nlm.nih.gov/compound/3034112,IMPHY014771
https://pubchem.ncbi.nlm.nih.gov/compound/5281672,IMPHY005471
https://pubchem.ncbi.nlm.nih.gov/compound/5997,IMPHY006300
https://pubchem.ncbi.nlm.nih.gov/compound/5281643,IMPHY014935
https://pubchem.ncbi.nlm.nih.gov/compound/6602509,IMPHY015023
https://pubchem.ncbi.nlm.nih.gov/compound/10906239,IMPHY000155
https://pubchem.ncbi.nlm.nih.gov/compound/451674,IMPHY000812
https://pubchem.ncbi.nlm.nih.gov/compound/102316534,IMPHY001139
https://pubchem.ncbi.nlm.nih.gov/compound/102316535,IMPHY001140
https://pubchem.ncbi.nlm.nih.gov/compound/44567142,IMPHY001415
https://pubchem.ncbi.nlm.nih.gov/compound/15840157,IMPHY001746
https://pubchem.ncbi.nlm.nih.gov/compound/13875741,IMPHY002653
https://pubchem.ncbi.nlm.nih.gov/compound/13819214,IMPHY002655
https://pubchem.ncbi.nlm.nih.gov/compound/237332,IMPHY003174
https://pubchem.ncbi.nlm.nih.gov/compound/12308714,IMPHY003825
https://pubchem.ncbi.nlm.nih.gov/compound/5281303,IMPHY004014
https://pubchem.ncbi.nlm.nih.gov/compound/44584063,IMPHY004015
https://pubchem.ncbi.nlm.nih.gov/compound/52952216,IMPHY005039
https://pubchem.ncbi.nlm.nih.gov/compound/23256847,IMPHY005199
https://pubchem.ncbi.nlm.nih.gov/compound/184310,IMPHY005274
https://pubchem.ncbi.nlm.nih.gov/compound/184937,IMPHY005293
https://pubchem.ncbi.nlm.nih.gov/compound/56841069,IMPHY005957
https://pubchem.ncbi.nlm.nih.gov/compound/6438693,IMPHY006237
https://pubchem.ncbi.nlm.nih.gov/compound/44575793,IMPHY006837
https://pubchem.ncbi.nlm.nih.gov/compound/101289709,IMPHY006850
https://pubchem.ncbi.nlm.nih.gov/compound/101306757,IMPHY006854
https://pubchem.ncbi.nlm.nih.gov/compound/129754,IMPHY009552
https://pubchem.ncbi.nlm.nih.gov/compound/52951892,IMPHY010341
https://pubchem.ncbi.nlm.nih.gov/compound/102090424,IMPHY010454
https://pubchem.ncbi.nlm.nih.gov/compound/6437066,IMPHY010554
https://pubchem.ncbi.nlm.nih.gov/compound/14458886,IMPHY011498
https://pubchem.ncbi.nlm.nih.gov/compound/283510,IMPHY012479
https://pubchem.ncbi.nlm.nih.gov/compound/102146586,IMPHY000193
https://pubchem.ncbi.nlm.nih.gov/compound/100017,IMPHY000663
https://pubchem.ncbi.nlm.nih.gov/compound/44715635,IMPHY001280
https://pubchem.ncbi.nlm.nih.gov/compound/101425842,IMPHY002244
https://pubchem.ncbi.nlm.nih.gov/compound/13875774,IMPHY002654
https://pubchem.ncbi.nlm.nih.gov/compound/14492795,IMPHY002788
https://pubchem.ncbi.nlm.nih.gov/compound/14467538,IMPHY002857
https://pubchem.ncbi.nlm.nih.gov/compound/243696,IMPHY002935
https://pubchem.ncbi.nlm.nih.gov/compound/521710,IMPHY004521
https://pubchem.ncbi.nlm.nih.gov/compound/184503,IMPHY005267
https://pubchem.ncbi.nlm.nih.gov/compound/5281519,IMPHY005618
https://pubchem.ncbi.nlm.nih.gov/compound/76316558,IMPHY006017
https://pubchem.ncbi.nlm.nih.gov/compound/6442906,IMPHY006238
https://pubchem.ncbi.nlm.nih.gov/compound/101289833,IMPHY006799
https://pubchem.ncbi.nlm.nih.gov/compound/101650343,IMPHY006827
https://pubchem.ncbi.nlm.nih.gov/compound/157277,IMPHY006853
https://pubchem.ncbi.nlm.nih.gov/compound/91886694,IMPHY007392
https://pubchem.ncbi.nlm.nih.gov/compound/984,IMPHY007467
https://pubchem.ncbi.nlm.nih.gov/compound/5281654,IMPHY008724
https://pubchem.ncbi.nlm.nih.gov/compound/178770,IMPHY010224
https://pubchem.ncbi.nlm.nih.gov/compound/5280460,IMPHY011541
https://pubchem.ncbi.nlm.nih.gov/compound/5318767,IMPHY011985
https://pubchem.ncbi.nlm.nih.gov/compound/1107,IMPHY012029
https://pubchem.ncbi.nlm.nih.gov/compound/12309449,IMPHY013093
https://pubchem.ncbi.nlm.nih.gov/compound/5460291,IMPHY004187
https://pubchem.ncbi.nlm.nih.gov/compound/6036,IMPHY012050
https://pubchem.ncbi.nlm.nih.gov/compound/439213,IMPHY014892
https://pubchem.ncbi.nlm.nih.gov/compound/11334829,IMPHY000016
https://pubchem.ncbi.nlm.nih.gov/compound/102275331,IMPHY001121
https://pubchem.ncbi.nlm.nih.gov/compound/1183,IMPHY001931
https://pubchem.ncbi.nlm.nih.gov/compound/101529197,IMPHY002183
https://pubchem.ncbi.nlm.nih.gov/compound/101529198,IMPHY002184
https://pubchem.ncbi.nlm.nih.gov/compound/101690,IMPHY002229
https://pubchem.ncbi.nlm.nih.gov/compound/14563366,IMPHY002557
https://pubchem.ncbi.nlm.nih.gov/compound/180429,IMPHY003342
https://pubchem.ncbi.nlm.nih.gov/compound/21594790,IMPHY003804
https://pubchem.ncbi.nlm.nih.gov/compound/60123241,IMPHY003979
https://pubchem.ncbi.nlm.nih.gov/compound/21632833,IMPHY005184
https://pubchem.ncbi.nlm.nih.gov/compound/53754390,IMPHY005977
https://pubchem.ncbi.nlm.nih.gov/compound/10348330,IMPHY007657
https://pubchem.ncbi.nlm.nih.gov/compound/101930511,IMPHY007664
https://pubchem.ncbi.nlm.nih.gov/compound/102586008,IMPHY007672
https://pubchem.ncbi.nlm.nih.gov/compound/6442484,IMPHY009726
https://pubchem.ncbi.nlm.nih.gov/compound/444539,IMPHY011960
https://pubchem.ncbi.nlm.nih.gov/compound/102588495,IMPHY001341
https://pubchem.ncbi.nlm.nih.gov/compound/14194023,IMPHY002620
https://pubchem.ncbi.nlm.nih.gov/compound/34296,IMPHY003237
https://pubchem.ncbi.nlm.nih.gov/compound/12308716,IMPHY003824
https://pubchem.ncbi.nlm.nih.gov/compound/16126804,IMPHY004024
https://pubchem.ncbi.nlm.nih.gov/compound/52952013,IMPHY005037
https://pubchem.ncbi.nlm.nih.gov/compound/21581584,IMPHY005723
https://pubchem.ncbi.nlm.nih.gov/compound/76327056,IMPHY005975
https://pubchem.ncbi.nlm.nih.gov/compound/125468,IMPHY006221
https://pubchem.ncbi.nlm.nih.gov/compound/6442369,IMPHY006286
https://pubchem.ncbi.nlm.nih.gov/compound/79089,IMPHY008697
https://pubchem.ncbi.nlm.nih.gov/compound/14985,IMPHY008937
https://pubchem.ncbi.nlm.nih.gov/compound/12874816,IMPHY009514
https://pubchem.ncbi.nlm.nih.gov/compound/12377,IMPHY009593
https://pubchem.ncbi.nlm.nih.gov/compound/1885,IMPHY009957
https://pubchem.ncbi.nlm.nih.gov/compound/102285347,IMPHY010582
https://pubchem.ncbi.nlm.nih.gov/compound/5319754,IMPHY011385
https://pubchem.ncbi.nlm.nih.gov/compound/76309326,IMPHY011526
https://pubchem.ncbi.nlm.nih.gov/compound/185704,IMPHY011547
https://pubchem.ncbi.nlm.nih.gov/compound/185552,IMPHY012436
https://pubchem.ncbi.nlm.nih.gov/compound/6431294,IMPHY012918
https://pubchem.ncbi.nlm.nih.gov/compound/6442937,IMPHY014135
https://pubchem.ncbi.nlm.nih.gov/compound/6443232,IMPHY014138
https://pubchem.ncbi.nlm.nih.gov/compound/6443385,IMPHY014139
https://pubchem.ncbi.nlm.nih.gov/compound/101701146,IMPHY014597
https://pubchem.ncbi.nlm.nih.gov/compound/101999884,IMPHY014607
https://pubchem.ncbi.nlm.nih.gov/compound/188754,IMPHY013913
https://pubchem.ncbi.nlm.nih.gov/compound/135191,IMPHY015116
https://pubchem.ncbi.nlm.nih.gov/compound/69894,IMPHY006551
https://pubchem.ncbi.nlm.nih.gov/compound/5281416,IMPHY011518
https://pubchem.ncbi.nlm.nih.gov/compound/101277363,IMPHY002310
https://pubchem.ncbi.nlm.nih.gov/compound/6443005,IMPHY006231
https://pubchem.ncbi.nlm.nih.gov/compound/15427646,IMPHY006825
https://pubchem.ncbi.nlm.nih.gov/compound/101650373,IMPHY006834
https://pubchem.ncbi.nlm.nih.gov/compound/5283640,IMPHY012769
https://pubchem.ncbi.nlm.nih.gov/compound/102285346,IMPHY001127
https://pubchem.ncbi.nlm.nih.gov/compound/11988279,IMPHY002050
https://pubchem.ncbi.nlm.nih.gov/compound/25240174,IMPHY002896
https://pubchem.ncbi.nlm.nih.gov/compound/298061,IMPHY003099
https://pubchem.ncbi.nlm.nih.gov/compound/24847856,IMPHY003230
https://pubchem.ncbi.nlm.nih.gov/compound/21725519,IMPHY003959
https://pubchem.ncbi.nlm.nih.gov/compound/24796982,IMPHY003960
https://pubchem.ncbi.nlm.nih.gov/compound/289,IMPHY004079
https://pubchem.ncbi.nlm.nih.gov/compound/71300386,IMPHY004140
https://pubchem.ncbi.nlm.nih.gov/compound/5318565,IMPHY005022
https://pubchem.ncbi.nlm.nih.gov/compound/52952112,IMPHY005038
https://pubchem.ncbi.nlm.nih.gov/compound/21725521,IMPHY005223
https://pubchem.ncbi.nlm.nih.gov/compound/22383,IMPHY005900
https://pubchem.ncbi.nlm.nih.gov/compound/65098,IMPHY006652
https://pubchem.ncbi.nlm.nih.gov/compound/65252,IMPHY006659
https://pubchem.ncbi.nlm.nih.gov/compound/8067,IMPHY007203
https://pubchem.ncbi.nlm.nih.gov/compound/936,IMPHY007385
https://pubchem.ncbi.nlm.nih.gov/compound/102276189,IMPHY008412
https://pubchem.ncbi.nlm.nih.gov/compound/126566,IMPHY009353
https://pubchem.ncbi.nlm.nih.gov/compound/124039,IMPHY009373
https://pubchem.ncbi.nlm.nih.gov/compound/193524,IMPHY009445
https://pubchem.ncbi.nlm.nih.gov/compound/13187,IMPHY009642
https://pubchem.ncbi.nlm.nih.gov/compound/52951894,IMPHY010313
https://pubchem.ncbi.nlm.nih.gov/compound/15966088,IMPHY010893
https://pubchem.ncbi.nlm.nih.gov/compound/14635659,IMPHY011314
https://pubchem.ncbi.nlm.nih.gov/compound/8163,IMPHY011521
https://pubchem.ncbi.nlm.nih.gov/compound/65084,IMPHY011735
https://pubchem.ncbi.nlm.nih.gov/compound/1794427,IMPHY011844
https://pubchem.ncbi.nlm.nih.gov/compound/101665324,IMPHY012367
https://pubchem.ncbi.nlm.nih.gov/compound/439212,IMPHY012513
https://pubchem.ncbi.nlm.nih.gov/compound/439195,IMPHY014983
https://pubchem.ncbi.nlm.nih.gov/compound/25310,IMPHY015056
https://pubchem.ncbi.nlm.nih.gov/compound/122232601,IMPHY015492
https://pubchem.ncbi.nlm.nih.gov/compound/6442561,IMPHY015493
https://pubchem.ncbi.nlm.nih.gov/compound/104285,IMPHY015625
https://pubchem.ncbi.nlm.nih.gov/compound/56928060,IMPHY015706
https://pubchem.ncbi.nlm.nih.gov/compound/14845550,IMPHY015796
https://pubchem.ncbi.nlm.nih.gov/compound/14845542,IMPHY015797
https://pubchem.ncbi.nlm.nih.gov/compound/896,IMPHY015811
https://pubchem.ncbi.nlm.nih.gov/compound/83412,IMPHY015812
https://pubchem.ncbi.nlm.nih.gov/compound/521941,IMPHY015829
https://pubchem.ncbi.nlm.nih.gov/compound/528709,IMPHY015844
https://pubchem.ncbi.nlm.nih.gov/compound/14136864,IMPHY015861
https://pubchem.ncbi.nlm.nih.gov/compound/6432398,IMPHY016049
